step,mean_reward,episodes,policy_loss,value_loss,entropy,method,env,seed
16384,-365.9930754025414,16,-0.10261984914541245,0.9855737686157227,8.513632774353027,td1,HalfCheetah-v5,0
32768,-356.2924648577002,32,-0.09884454309940338,0.81301349401474,8.511832237243652,td1,HalfCheetah-v5,0
49152,-354.08321584526766,48,-0.10391294211149216,0.7165000438690186,8.510101318359375,td1,HalfCheetah-v5,0
65536,-355.17992378292627,64,-0.125346377491951,0.6320956945419312,8.50844669342041,td1,HalfCheetah-v5,0
81920,-353.1424487484201,80,-0.12454988062381744,0.5629799365997314,8.506766319274902,td1,HalfCheetah-v5,0
98304,-350.0261185315623,96,-0.10279922932386398,0.5344067215919495,8.505097389221191,td1,HalfCheetah-v5,0
114688,-350.965858087957,112,-0.1240575909614563,0.4706336259841919,8.503479957580566,td1,HalfCheetah-v5,0
131072,-352.6126793812745,128,-0.13199709355831146,0.46313685178756714,8.501830101013184,td1,HalfCheetah-v5,0
147456,-354.6198893920807,144,-0.11816297471523285,0.4409126341342926,8.500151634216309,td1,HalfCheetah-v5,0
163840,-351.4215283815034,160,-0.12104544788599014,0.44428879022598267,8.498475074768066,td1,HalfCheetah-v5,0
180224,-349.33159032156254,176,-0.14690108597278595,0.43401649594306946,8.496788024902344,td1,HalfCheetah-v5,0
196608,-351.21561349644077,192,-0.1341310292482376,0.4459317922592163,8.495078086853027,td1,HalfCheetah-v5,0
212992,-350.5300253029869,208,-0.12712475657463074,0.4624435305595398,8.493348121643066,td1,HalfCheetah-v5,0
229376,-358.4516439136736,224,-0.14430749416351318,0.4683772325515747,8.491616249084473,td1,HalfCheetah-v5,0
245760,-348.29208075568357,240,-0.13717021048069,0.44325387477874756,8.489867210388184,td1,HalfCheetah-v5,0
262144,-350.2279104390335,256,-0.11719194799661636,0.4223375618457794,8.488106727600098,td1,HalfCheetah-v5,0
278528,-348.3294469146938,272,-0.11000087112188339,0.4299687147140503,8.48636531829834,td1,HalfCheetah-v5,0
294912,-355.101630720419,288,-0.112135149538517,0.45593830943107605,8.48464298248291,td1,HalfCheetah-v5,0
311296,-355.4178331012265,304,-0.14094120264053345,0.4344433546066284,8.482933044433594,td1,HalfCheetah-v5,0
327680,-352.6618829721007,320,-0.12081636488437653,0.4410424828529358,8.481207847595215,td1,HalfCheetah-v5,0
344064,-347.81986446137637,336,-0.13833019137382507,0.4466283619403839,8.4794921875,td1,HalfCheetah-v5,0
360448,-354.49354176450646,360,-0.13731883466243744,0.43147337436676025,8.477753639221191,td1,HalfCheetah-v5,0
376832,-350.83995230386705,376,-0.12392525374889374,0.42719167470932007,8.476005554199219,td1,HalfCheetah-v5,0
393216,-346.1080744551873,392,-0.14358294010162354,0.44799694418907166,8.474259376525879,td1,HalfCheetah-v5,0
409600,-345.82296489398163,408,-0.11870190501213074,0.43037575483322144,8.472502708435059,td1,HalfCheetah-v5,0
425984,-350.50890380630443,424,-0.13153791427612305,0.4559595584869385,8.470747947692871,td1,HalfCheetah-v5,0
442368,-363.91778023655456,440,-0.10613477975130081,0.47136765718460083,8.468995094299316,td1,HalfCheetah-v5,0
458752,-361.56757511698567,456,-0.11704171448945999,0.44523459672927856,8.467270851135254,td1,HalfCheetah-v5,0
475136,-359.16113301510165,472,-0.13176745176315308,0.4229446053504944,8.465559959411621,td1,HalfCheetah-v5,0
491520,-364.1453151227737,488,-0.10426259785890579,0.4590712785720825,8.46384334564209,td1,HalfCheetah-v5,0
507904,-361.2044609104945,504,-0.09997525066137314,0.43680429458618164,8.462157249450684,td1,HalfCheetah-v5,0
524288,-357.9048585572718,520,-0.09876894950866699,0.43574950098991394,8.460503578186035,td1,HalfCheetah-v5,0
540672,-347.357344619704,536,-0.12559720873832703,0.46307432651519775,8.458891868591309,td1,HalfCheetah-v5,0
557056,-347.2619947216707,552,-0.09987375140190125,0.438343346118927,8.457259178161621,td1,HalfCheetah-v5,0
573440,-348.1606990367384,568,-0.0989096611738205,0.4530150294303894,8.455649375915527,td1,HalfCheetah-v5,0
589824,-351.15788816790644,584,-0.11040982604026794,0.45113328099250793,8.45406436920166,td1,HalfCheetah-v5,0
606208,-352.1100639106975,600,-0.09018819034099579,0.4531453251838684,8.452499389648438,td1,HalfCheetah-v5,0
622592,-357.5195369893223,616,-0.08525730669498444,0.47099247574806213,8.450974464416504,td1,HalfCheetah-v5,0
638976,-355.8799936920226,632,-0.07798969745635986,0.46063217520713806,8.44948673248291,td1,HalfCheetah-v5,0
655360,-356.15351949159833,648,-0.09400589764118195,0.4721534550189972,8.448060035705566,td1,HalfCheetah-v5,0
671744,-351.9718507403147,664,-0.08012766391038895,0.4753813147544861,8.446654319763184,td1,HalfCheetah-v5,0
688128,-354.68977819226586,680,-0.11395666003227234,0.500693678855896,8.445281028747559,td1,HalfCheetah-v5,0
704512,-353.7785291511472,696,-0.07953715324401855,0.47805431485176086,8.443879127502441,td1,HalfCheetah-v5,0
720896,-344.63070000027744,720,-0.08008941262960434,0.5130075216293335,8.442519187927246,td1,HalfCheetah-v5,0
737280,-348.90626229794725,736,-0.09934607893228531,0.5017091631889343,8.441193580627441,td1,HalfCheetah-v5,0
753664,-349.45076548987834,752,-0.09042081236839294,0.5159173607826233,8.439866065979004,td1,HalfCheetah-v5,0
770048,-344.73920576250464,768,-0.08903302997350693,0.49791383743286133,8.43856143951416,td1,HalfCheetah-v5,0
786432,-341.26246774811784,784,-0.07367873191833496,0.5334328413009644,8.437277793884277,td1,HalfCheetah-v5,0
802816,-347.1783191283897,800,-0.07557148486375809,0.5425803065299988,8.436043739318848,td1,HalfCheetah-v5,0
819200,-345.58310862038576,816,-0.06082197651267052,0.5230766534805298,8.434844017028809,td1,HalfCheetah-v5,0
835584,-341.0666808492181,832,-0.0625246912240982,0.5245921611785889,8.433701515197754,td1,HalfCheetah-v5,0
851968,-336.17371306128535,848,-0.0754091665148735,0.5475152730941772,8.432623863220215,td1,HalfCheetah-v5,0
868352,-342.40379903493334,864,-0.07726874202489853,0.5666596293449402,8.431563377380371,td1,HalfCheetah-v5,0
884736,-331.41988455409114,880,-0.0521220862865448,0.5668679475784302,8.430519104003906,td1,HalfCheetah-v5,0
901120,-327.00404516655993,896,-0.06768356263637543,0.5773063898086548,8.429533958435059,td1,HalfCheetah-v5,0
917504,-329.3886948902362,912,-0.059681251645088196,0.6057845950126648,8.42856502532959,td1,HalfCheetah-v5,0
933888,-333.2927544351954,928,-0.04611780866980553,0.6070963144302368,8.427634239196777,td1,HalfCheetah-v5,0
950272,-334.597618202716,944,-0.0449402742087841,0.6348825693130493,8.426764488220215,td1,HalfCheetah-v5,0
966656,-328.61497594420905,960,-0.07145291566848755,0.6189085245132446,8.425965309143066,td1,HalfCheetah-v5,0
983040,-328.3192771467145,976,-0.031377989798784256,0.6178606748580933,8.425154685974121,td1,HalfCheetah-v5,0
999424,-332.6722172389953,992,-0.03655805066227913,0.6351118683815002,8.424422264099121,td1,HalfCheetah-v5,0
16384,-336.2395606759235,16,-0.06945151090621948,1.0756080150604248,8.513632774353027,td1,HalfCheetah-v5,1
32768,-346.84138251746236,32,-0.07377859950065613,0.9305016398429871,8.511832237243652,td1,HalfCheetah-v5,1
49152,-342.98416801100785,48,-0.10822360217571259,0.766058087348938,8.510162353515625,td1,HalfCheetah-v5,1
65536,-333.6926807974646,64,-0.10660764575004578,0.6565062999725342,8.508513450622559,td1,HalfCheetah-v5,1
81920,-336.6700095420596,80,-0.10470277070999146,0.5903469920158386,8.506888389587402,td1,HalfCheetah-v5,1
98304,-341.42331401995716,96,-0.12585723400115967,0.5345867276191711,8.505234718322754,td1,HalfCheetah-v5,1
114688,-348.4258589324238,112,-0.125221848487854,0.5112161636352539,8.5035400390625,td1,HalfCheetah-v5,1
131072,-347.84937467060985,128,-0.1335931122303009,0.45704296231269836,8.501814842224121,td1,HalfCheetah-v5,1
147456,-345.76709171997237,144,-0.13581691682338715,0.4406140148639679,8.50006103515625,td1,HalfCheetah-v5,1
163840,-352.6010622982909,160,-0.10059746354818344,0.46823686361312866,8.498291969299316,td1,HalfCheetah-v5,1
180224,-357.924501593332,176,-0.13424468040466309,0.4480394721031189,8.496552467346191,td1,HalfCheetah-v5,1
196608,-354.761530495323,192,-0.1494935303926468,0.4504035413265228,8.494795799255371,td1,HalfCheetah-v5,1
212992,-352.9434533235676,208,-0.12811920046806335,0.43969041109085083,8.492997169494629,td1,HalfCheetah-v5,1
229376,-350.5400802966014,224,-0.1372441202402115,0.4332062005996704,8.491203308105469,td1,HalfCheetah-v5,1
245760,-351.6516187140135,240,-0.14352135360240936,0.4241509437561035,8.489396095275879,td1,HalfCheetah-v5,1
262144,-352.0404962003129,256,-0.12192893773317337,0.4750572144985199,8.487578392028809,td1,HalfCheetah-v5,1
278528,-350.41913075626076,272,-0.12953075766563416,0.43700364232063293,8.485770225524902,td1,HalfCheetah-v5,1
294912,-350.7171579513261,288,-0.16336122155189514,0.42328229546546936,8.483962059020996,td1,HalfCheetah-v5,1
311296,-355.67205487395273,304,-0.14135223627090454,0.46519356966018677,8.482117652893066,td1,HalfCheetah-v5,1
327680,-353.44866926319594,320,-0.11655762046575546,0.43054255843162537,8.480284690856934,td1,HalfCheetah-v5,1
344064,-355.77346162382605,336,-0.12455987185239792,0.4390460252761841,8.478470802307129,td1,HalfCheetah-v5,1
360448,-358.18976327197,360,-0.1293901801109314,0.45035257935523987,8.476668357849121,td1,HalfCheetah-v5,1
376832,-353.1295890260629,376,-0.11501763761043549,0.4058941602706909,8.474867820739746,td1,HalfCheetah-v5,1
393216,-353.06589618744675,392,-0.12782630324363708,0.42333707213401794,8.473084449768066,td1,HalfCheetah-v5,1
409600,-350.71215696630503,408,-0.15534141659736633,0.4186185896396637,8.471306800842285,td1,HalfCheetah-v5,1
425984,-345.68591801363726,424,-0.12628266215324402,0.4138331115245819,8.469498634338379,td1,HalfCheetah-v5,1
442368,-344.9010422818641,440,-0.11119531840085983,0.4241965711116791,8.467698097229004,td1,HalfCheetah-v5,1
458752,-342.86147564178367,456,-0.14296135306358337,0.4478842318058014,8.465933799743652,td1,HalfCheetah-v5,1
475136,-346.9312486135773,472,-0.10804416984319687,0.4325924813747406,8.464150428771973,td1,HalfCheetah-v5,1
491520,-341.0285440459793,488,-0.1163133755326271,0.42214950919151306,8.462395668029785,td1,HalfCheetah-v5,1
507904,-343.17010398641787,504,-0.11314371228218079,0.4256819188594818,8.460663795471191,td1,HalfCheetah-v5,1
524288,-348.52467121162573,520,-0.10316938161849976,0.4571956694126129,8.45896053314209,td1,HalfCheetah-v5,1
540672,-349.97066888069486,536,-0.08200928568840027,0.44569480419158936,8.457283973693848,td1,HalfCheetah-v5,1
557056,-350.7423356337791,552,-0.11660048365592957,0.4402933120727539,8.455666542053223,td1,HalfCheetah-v5,1
573440,-345.7299557614753,568,-0.09683921188116074,0.4582290053367615,8.454049110412598,td1,HalfCheetah-v5,1
589824,-351.7390903369541,584,-0.08179143816232681,0.4589093029499054,8.452467918395996,td1,HalfCheetah-v5,1
606208,-354.9837841789606,600,-0.10156725347042084,0.4535149931907654,8.450936317443848,td1,HalfCheetah-v5,1
622592,-354.32060148997914,616,-0.08101971447467804,0.4457179307937622,8.449418067932129,td1,HalfCheetah-v5,1
638976,-351.8907411106309,632,-0.06541679799556732,0.45976075530052185,8.447945594787598,td1,HalfCheetah-v5,1
655360,-352.67437128580525,648,-0.06397216022014618,0.49235767126083374,8.446534156799316,td1,HalfCheetah-v5,1
671744,-351.9194853512192,664,-0.11553207039833069,0.5069902539253235,8.4451904296875,td1,HalfCheetah-v5,1
688128,-352.26387181139523,680,-0.10133980214595795,0.47483277320861816,8.443816184997559,td1,HalfCheetah-v5,1
704512,-355.78162149152644,696,-0.07393139600753784,0.5107108950614929,8.442429542541504,td1,HalfCheetah-v5,1
720896,-354.42398690134746,720,-0.1027325913310051,0.5330866575241089,8.441100120544434,td1,HalfCheetah-v5,1
737280,-359.0625167615364,736,-0.08467978239059448,0.5246961712837219,8.439749717712402,td1,HalfCheetah-v5,1
753664,-353.07377257636574,752,-0.05785384774208069,0.5009913444519043,8.438424110412598,td1,HalfCheetah-v5,1
770048,-347.94570792770895,768,-0.10434174537658691,0.531069815158844,8.437172889709473,td1,HalfCheetah-v5,1
786432,-341.9108538355553,784,-0.05745049566030502,0.5185019969940186,8.435898780822754,td1,HalfCheetah-v5,1
802816,-342.71651481081966,800,-0.08264344930648804,0.5319584012031555,8.434693336486816,td1,HalfCheetah-v5,1
819200,-338.2165777616743,816,-0.06358829140663147,0.5382416844367981,8.433501243591309,td1,HalfCheetah-v5,1
835584,-335.94157185840913,832,-0.06608164310455322,0.5454796552658081,8.432343482971191,td1,HalfCheetah-v5,1
851968,-337.956629962726,848,-0.06594805419445038,0.598259449005127,8.431221961975098,td1,HalfCheetah-v5,1
868352,-344.42304354843,864,-0.06369747221469879,0.5769606828689575,8.430144309997559,td1,HalfCheetah-v5,1
884736,-349.14756338551217,880,-0.06817448139190674,0.5963893532752991,8.42910099029541,td1,HalfCheetah-v5,1
901120,-345.7939383516046,896,-0.03373266011476517,0.6094303131103516,8.428078651428223,td1,HalfCheetah-v5,1
917504,-348.7960816553735,912,-0.03196985274553299,0.6273491382598877,8.427140235900879,td1,HalfCheetah-v5,1
933888,-351.175034616596,928,-0.06459148228168488,0.5872688293457031,8.426291465759277,td1,HalfCheetah-v5,1
950272,-347.2187417601653,944,-0.04384537786245346,0.6620986461639404,8.425453186035156,td1,HalfCheetah-v5,1
966656,-339.6813885025963,960,-0.03036327287554741,0.6547609567642212,8.424668312072754,td1,HalfCheetah-v5,1
983040,-339.1049405821048,976,-0.06595635414123535,0.6587498188018799,8.423958778381348,td1,HalfCheetah-v5,1
999424,-335.1813997389615,992,-0.03343005105853081,0.6535458564758301,8.42324161529541,td1,HalfCheetah-v5,1
16384,-317.5978797830824,16,-0.10471844673156738,0.6945122480392456,8.513632774353027,td1,HalfCheetah-v5,2
32768,-339.26910012707486,32,-0.11776852607727051,0.6171266436576843,8.511832237243652,td1,HalfCheetah-v5,2
49152,-349.64750431951074,48,-0.12263619899749756,0.5118717551231384,8.510139465332031,td1,HalfCheetah-v5,2
65536,-352.04840691747216,64,-0.17211057245731354,0.4697936177253723,8.508421897888184,td1,HalfCheetah-v5,2
81920,-352.7882773896055,80,-0.16496658325195312,0.43170997500419617,8.50667667388916,td1,HalfCheetah-v5,2
98304,-350.56885428910005,96,-0.12896975874900818,0.413405179977417,8.504914283752441,td1,HalfCheetah-v5,2
114688,-354.9352716933592,112,-0.14391189813613892,0.43005070090293884,8.503167152404785,td1,HalfCheetah-v5,2
131072,-360.74642957222886,128,-0.14430582523345947,0.4441359341144562,8.501411437988281,td1,HalfCheetah-v5,2
147456,-364.9376348185755,144,-0.13873033225536346,0.45991095900535583,8.499655723571777,td1,HalfCheetah-v5,2
163840,-366.04301786236283,160,-0.15279337763786316,0.4401475787162781,8.497895240783691,td1,HalfCheetah-v5,2
180224,-360.0663315476486,176,-0.15968281030654907,0.4185968041419983,8.496132850646973,td1,HalfCheetah-v5,2
196608,-364.7367390209495,192,-0.14954730868339539,0.4282377064228058,8.494362831115723,td1,HalfCheetah-v5,2
212992,-363.20847055528174,208,-0.1551341563463211,0.4212433397769928,8.49259090423584,td1,HalfCheetah-v5,2
229376,-356.13761159275816,224,-0.1637340635061264,0.4370853304862976,8.49080753326416,td1,HalfCheetah-v5,2
245760,-352.5461060632187,240,-0.14743220806121826,0.40769752860069275,8.489014625549316,td1,HalfCheetah-v5,2
262144,-351.0630881084151,256,-0.1582167148590088,0.4139817953109741,8.487229347229004,td1,HalfCheetah-v5,2
278528,-345.2800665065507,272,-0.15838447213172913,0.40411409735679626,8.485434532165527,td1,HalfCheetah-v5,2
294912,-346.06041603959414,288,-0.16946300864219666,0.4280643165111542,8.483635902404785,td1,HalfCheetah-v5,2
311296,-349.4277614675599,304,-0.18856608867645264,0.40542513132095337,8.481825828552246,td1,HalfCheetah-v5,2
327680,-359.05937207856545,320,-0.1479230523109436,0.43369609117507935,8.479987144470215,td1,HalfCheetah-v5,2
344064,-361.24919299472344,336,-0.10714854300022125,0.4112784266471863,8.478157997131348,td1,HalfCheetah-v5,2
360448,-364.3350898169444,360,-0.16664478182792664,0.42195799946784973,8.476387977600098,td1,HalfCheetah-v5,2
376832,-371.64793555459755,376,-0.14452096819877625,0.39795947074890137,8.474601745605469,td1,HalfCheetah-v5,2
393216,-369.37075627185334,392,-0.1341606080532074,0.4081878066062927,8.472823143005371,td1,HalfCheetah-v5,2
409600,-365.3307391000104,408,-0.15289145708084106,0.40760332345962524,8.471062660217285,td1,HalfCheetah-v5,2
425984,-358.3947452660538,424,-0.13211050629615784,0.39418840408325195,8.469300270080566,td1,HalfCheetah-v5,2
442368,-347.8631689122839,440,-0.1433359682559967,0.3843931257724762,8.467559814453125,td1,HalfCheetah-v5,2
458752,-339.3608159554657,456,-0.1350267231464386,0.4104110300540924,8.465821266174316,td1,HalfCheetah-v5,2
475136,-338.2675697950732,472,-0.12013618648052216,0.42903509736061096,8.464095115661621,td1,HalfCheetah-v5,2
491520,-338.71052981909423,488,-0.14034539461135864,0.4536822438240051,8.462395668029785,td1,HalfCheetah-v5,2
507904,-340.0131376652459,504,-0.11175579577684402,0.42274704575538635,8.460701942443848,td1,HalfCheetah-v5,2
524288,-337.6077611038433,520,-0.13181516528129578,0.40239325165748596,8.459052085876465,td1,HalfCheetah-v5,2
540672,-340.8000806591296,536,-0.12891040742397308,0.4115641117095947,8.457404136657715,td1,HalfCheetah-v5,2
557056,-342.5616468660365,552,-0.10940393805503845,0.4211655259132385,8.455765724182129,td1,HalfCheetah-v5,2
573440,-344.89661718263795,568,-0.09453196823596954,0.44512173533439636,8.45416259765625,td1,HalfCheetah-v5,2
589824,-341.08731438742217,584,-0.12356959283351898,0.44030898809432983,8.45261287689209,td1,HalfCheetah-v5,2
606208,-339.7752363755433,600,-0.11536990851163864,0.4566304087638855,8.451065063476562,td1,HalfCheetah-v5,2
622592,-342.93865422821216,616,-0.12065789103507996,0.4532337784767151,8.449538230895996,td1,HalfCheetah-v5,2
638976,-344.52996701000995,632,-0.10198814421892166,0.45186126232147217,8.448012351989746,td1,HalfCheetah-v5,2
655360,-350.4604640510271,648,-0.08197301626205444,0.4805004596710205,8.446516990661621,td1,HalfCheetah-v5,2
671744,-342.6126486637903,664,-0.11679224669933319,0.4518216848373413,8.445082664489746,td1,HalfCheetah-v5,2
688128,-342.7664812803603,680,-0.08667073398828506,0.4483829736709595,8.443648338317871,td1,HalfCheetah-v5,2
704512,-335.0797564116586,696,-0.10111570358276367,0.45942699909210205,8.442268371582031,td1,HalfCheetah-v5,2
720896,-330.8776512953766,720,-0.12705838680267334,0.5018653273582458,8.440903663635254,td1,HalfCheetah-v5,2
737280,-338.19049826793093,736,-0.09009578078985214,0.5307305455207825,8.439521789550781,td1,HalfCheetah-v5,2
753664,-334.9693517142066,752,-0.07840164750814438,0.505334734916687,8.43817138671875,td1,HalfCheetah-v5,2
770048,-335.5972171120224,768,-0.09555664658546448,0.5037234425544739,8.436873435974121,td1,HalfCheetah-v5,2
786432,-335.573816974921,784,-0.07891372591257095,0.5122826099395752,8.435585975646973,td1,HalfCheetah-v5,2
802816,-338.8374620735738,800,-0.055345553904771805,0.5295764803886414,8.434348106384277,td1,HalfCheetah-v5,2
819200,-343.86644057092667,816,-0.0715278759598732,0.5420156121253967,8.43319034576416,td1,HalfCheetah-v5,2
835584,-338.0788709792411,832,-0.09176184237003326,0.5357458591461182,8.432076454162598,td1,HalfCheetah-v5,2
851968,-342.3592583978929,848,-0.09579110145568848,0.5745081901550293,8.430960655212402,td1,HalfCheetah-v5,2
868352,-345.66128842208803,864,-0.0695519968867302,0.5278626084327698,8.42984676361084,td1,HalfCheetah-v5,2
884736,-343.2850428381422,880,-0.07307034730911255,0.5549846291542053,8.428786277770996,td1,HalfCheetah-v5,2
901120,-344.4414738025872,896,-0.07267932593822479,0.5952928066253662,8.42775821685791,td1,HalfCheetah-v5,2
917504,-338.47177080836997,912,-0.050863318145275116,0.5904949903488159,8.426765441894531,td1,HalfCheetah-v5,2
933888,-340.2531157121905,928,-0.07383942604064941,0.6194968223571777,8.425841331481934,td1,HalfCheetah-v5,2
950272,-331.413055551142,944,-0.061654746532440186,0.6340819001197815,8.424933433532715,td1,HalfCheetah-v5,2
966656,-336.22948962224194,960,-0.058910638093948364,0.623538076877594,8.424056053161621,td1,HalfCheetah-v5,2
983040,-338.63919616378166,976,-0.07782728224992752,0.6455449461936951,8.423211097717285,td1,HalfCheetah-v5,2
999424,-334.47456822624105,992,-0.03472113609313965,0.6379451751708984,8.422370910644531,td1,HalfCheetah-v5,2
16384,-351.2562072626464,16,0.005807042121887207,650.8963012695312,8.513632774353027,mc,HalfCheetah-v5,0
32768,-346.522177726199,32,-0.007975678890943527,590.5338134765625,8.51483154296875,mc,HalfCheetah-v5,0
49152,-345.61877119221907,48,0.024364590644836426,585.8843383789062,8.515923500061035,mc,HalfCheetah-v5,0
65536,-349.2308778724968,64,0.01609347015619278,595.91796875,8.517280578613281,mc,HalfCheetah-v5,0
81920,-345.08189017919824,80,-0.006854265928268433,539.0889892578125,8.518683433532715,mc,HalfCheetah-v5,0
98304,-346.36403579959614,96,-0.018247198313474655,616.2520141601562,8.520003318786621,mc,HalfCheetah-v5,0
114688,-352.1517235875591,112,0.026815831661224365,609.0608520507812,8.521178245544434,mc,HalfCheetah-v5,0
131072,-350.5084727397095,128,-0.010380424559116364,535.19775390625,8.522477149963379,mc,HalfCheetah-v5,0
147456,-354.1105461123789,144,-0.004838980734348297,606.0039672851562,8.523711204528809,mc,HalfCheetah-v5,0
163840,-348.3907257582588,160,-0.008063726127147675,553.7265014648438,8.52492618560791,mc,HalfCheetah-v5,0
180224,-351.2012871860428,176,-0.0249347984790802,695.1654663085938,8.526124000549316,mc,HalfCheetah-v5,0
196608,-357.8548253787131,192,-0.021716177463531494,690.1612548828125,8.527214050292969,mc,HalfCheetah-v5,0
212992,-355.85015822419086,208,-0.005484001711010933,630.10400390625,8.528182983398438,mc,HalfCheetah-v5,0
229376,-355.6675124080346,224,-0.009702563285827637,475.6074523925781,8.529173851013184,mc,HalfCheetah-v5,0
245760,-350.6063732255753,240,-0.015040189027786255,554.1837158203125,8.530150413513184,mc,HalfCheetah-v5,0
262144,-353.85438991875657,256,0.01978694461286068,584.374755859375,8.531075477600098,mc,HalfCheetah-v5,0
278528,-348.41066280395427,272,-0.0015028566122055054,591.4205932617188,8.532120704650879,mc,HalfCheetah-v5,0
294912,-345.37522257325526,288,-0.012049205601215363,591.6886596679688,8.533186912536621,mc,HalfCheetah-v5,0
311296,-349.525979914352,304,-0.01273125410079956,752.79931640625,8.534180641174316,mc,HalfCheetah-v5,0
327680,-347.58744037871264,320,0.007252126932144165,528.4281616210938,8.535141944885254,mc,HalfCheetah-v5,0
344064,-351.5303483499518,336,0.010235726833343506,636.695068359375,8.536171913146973,mc,HalfCheetah-v5,0
360448,-349.7330948911851,360,-0.022923707962036133,559.2183837890625,8.537261009216309,mc,HalfCheetah-v5,0
376832,-361.3563480107177,376,-0.019994080066680908,770.7804565429688,8.538283348083496,mc,HalfCheetah-v5,0
393216,-361.16575166947433,392,-0.02000713348388672,670.892333984375,8.539254188537598,mc,HalfCheetah-v5,0
409600,-357.87784934127643,408,0.027829766273498535,702.343017578125,8.540160179138184,mc,HalfCheetah-v5,0
425984,-363.1772316216262,424,-0.014411535114049911,594.9769287109375,8.541192054748535,mc,HalfCheetah-v5,0
442368,-359.68255636630914,440,0.0071527063846588135,508.33843994140625,8.542181968688965,mc,HalfCheetah-v5,0
458752,-356.2051768976661,456,-0.007973764091730118,563.12451171875,8.543204307556152,mc,HalfCheetah-v5,0
475136,-351.1122107924922,472,-0.017182469367980957,595.67919921875,8.544220924377441,mc,HalfCheetah-v5,0
491520,-353.6464792419473,488,-0.006883054971694946,688.6447143554688,8.545210838317871,mc,HalfCheetah-v5,0
507904,-350.0171702815072,504,-0.02083440124988556,555.6565551757812,8.546202659606934,mc,HalfCheetah-v5,0
524288,-345.41449841975685,520,0.0013433098793029785,485.2262878417969,8.547135353088379,mc,HalfCheetah-v5,0
540672,-348.3452003439093,536,-0.012716248631477356,551.2230224609375,8.548111915588379,mc,HalfCheetah-v5,0
557056,-361.5791465670401,552,-0.01779972016811371,736.2824096679688,8.549073219299316,mc,HalfCheetah-v5,0
573440,-357.2556755961712,568,-0.00747903436422348,493.0755310058594,8.549994468688965,mc,HalfCheetah-v5,0
589824,-355.47370291737667,584,-0.03150030970573425,559.5131225585938,8.550917625427246,mc,HalfCheetah-v5,0
606208,-348.3630887155672,600,0.016001462936401367,411.07012939453125,8.551750183105469,mc,HalfCheetah-v5,0
622592,-348.1791830997177,616,-0.0227908194065094,566.8956298828125,8.552681922912598,mc,HalfCheetah-v5,0
638976,-346.8602717467262,632,0.0012531578540802002,446.23211669921875,8.55355167388916,mc,HalfCheetah-v5,0
655360,-338.16114592962856,648,-0.013979330658912659,545.0431518554688,8.554472923278809,mc,HalfCheetah-v5,0
671744,-333.624089963355,664,-0.007521763443946838,461.180908203125,8.555373191833496,mc,HalfCheetah-v5,0
688128,-330.27949781600626,680,-6.45071268081665e-05,456.08978271484375,8.556282043457031,mc,HalfCheetah-v5,0
704512,-326.9359585192102,696,-0.02574634552001953,522.50927734375,8.557229042053223,mc,HalfCheetah-v5,0
720896,-328.6327031748548,720,0.004404395818710327,501.7639465332031,8.558114051818848,mc,HalfCheetah-v5,0
737280,-333.78888356323694,736,-0.011226870119571686,572.8269653320312,8.559050559997559,mc,HalfCheetah-v5,0
753664,-335.25445179633965,752,-0.0010364949703216553,517.4271850585938,8.559967994689941,mc,HalfCheetah-v5,0
770048,-335.8228549893546,768,-0.018631651997566223,506.370361328125,8.560929298400879,mc,HalfCheetah-v5,0
786432,-339.07700578950926,784,0.008478574454784393,473.3510437011719,8.561842918395996,mc,HalfCheetah-v5,0
802816,-344.00592520546246,800,-0.02235928177833557,519.4835205078125,8.562821388244629,mc,HalfCheetah-v5,0
819200,-337.93018599777713,816,-0.015919625759124756,447.21282958984375,8.563742637634277,mc,HalfCheetah-v5,0
835584,-336.077669946179,832,0.018219053745269775,479.3248291015625,8.564637184143066,mc,HalfCheetah-v5,0
851968,-336.3469459442469,848,-0.02922426164150238,465.5399169921875,8.565642356872559,mc,HalfCheetah-v5,0
868352,-335.81206054543736,864,0.0001423358917236328,447.28082275390625,8.56655216217041,mc,HalfCheetah-v5,0
884736,-337.2947154880152,880,-0.017190366983413696,419.9100341796875,8.567496299743652,mc,HalfCheetah-v5,0
901120,-334.2908063698403,896,-0.03189779072999954,490.0423278808594,8.56839656829834,mc,HalfCheetah-v5,0
917504,-338.99548598046283,912,-0.01731419563293457,509.1300354003906,8.569199562072754,mc,HalfCheetah-v5,0
933888,-345.2477882456848,928,0.019259013235569,455.15936279296875,8.569976806640625,mc,HalfCheetah-v5,0
950272,-338.18758886263953,944,0.020305722951889038,554.1759033203125,8.570891380310059,mc,HalfCheetah-v5,0
966656,-345.84461488905276,960,-0.010754510760307312,543.4842529296875,8.571921348571777,mc,HalfCheetah-v5,0
983040,-347.18273931362734,976,-0.0010542869567871094,542.84619140625,8.572928428649902,mc,HalfCheetah-v5,0
999424,-348.6060110490165,992,-0.005535691976547241,527.5615844726562,8.573958396911621,mc,HalfCheetah-v5,0
16384,-336.2395606759235,16,-0.010456293821334839,570.91064453125,8.513632774353027,mc,HalfCheetah-v5,1
32768,-337.9499647047329,32,-0.018655970692634583,612.9922485351562,8.51483154296875,mc,HalfCheetah-v5,1
49152,-342.7432280666264,48,-0.003825455904006958,606.2057495117188,8.515503883361816,mc,HalfCheetah-v5,1
65536,-343.39490095107476,64,-0.01770058274269104,628.8726196289062,8.516356468200684,mc,HalfCheetah-v5,1
81920,-345.1577171073918,80,0.01771356165409088,628.484130859375,8.517212867736816,mc,HalfCheetah-v5,1
98304,-347.03318584930685,96,-0.004715844988822937,565.4636840820312,8.518263816833496,mc,HalfCheetah-v5,1
114688,-350.40369746011015,112,0.02706184983253479,685.9193115234375,8.519349098205566,mc,HalfCheetah-v5,1
131072,-352.69466821530267,128,-0.01137477159500122,553.4014892578125,8.520590782165527,mc,HalfCheetah-v5,1
147456,-356.52958459073557,144,0.006360068917274475,622.1729736328125,8.521697044372559,mc,HalfCheetah-v5,1
163840,-352.79877462659067,160,0.003626912832260132,617.61328125,8.522834777832031,mc,HalfCheetah-v5,1
180224,-358.68815685038334,176,-0.002425655722618103,668.630615234375,8.523964881896973,mc,HalfCheetah-v5,1
196608,-362.23060721302613,192,-0.005490705370903015,605.7997436523438,8.525130271911621,mc,HalfCheetah-v5,1
212992,-355.0109791859616,208,0.0010892152786254883,530.2897338867188,8.526275634765625,mc,HalfCheetah-v5,1
229376,-353.27042466491076,224,0.00010217726230621338,567.5609741210938,8.527458190917969,mc,HalfCheetah-v5,1
245760,-351.47167617655475,240,0.008266706019639969,599.782470703125,8.528664588928223,mc,HalfCheetah-v5,1
262144,-356.7823263617363,256,-0.023224614560604095,592.0621337890625,8.529929161071777,mc,HalfCheetah-v5,1
278528,-344.9434691141272,272,-0.0025103390216827393,523.001953125,8.531067848205566,mc,HalfCheetah-v5,1
294912,-338.6843345622734,288,-0.009075229987502098,568.09521484375,8.532227516174316,mc,HalfCheetah-v5,1
311296,-341.6643786640494,304,-0.009886160492897034,545.552490234375,8.533371925354004,mc,HalfCheetah-v5,1
327680,-342.7661617179053,320,-0.011552207171916962,634.6784057617188,8.534493446350098,mc,HalfCheetah-v5,1
344064,-342.93384167851474,336,0.009115397930145264,670.2684326171875,8.535569190979004,mc,HalfCheetah-v5,1
360448,-338.757328274027,360,-0.002119019627571106,533.7440795898438,8.536728858947754,mc,HalfCheetah-v5,1
376832,-343.9079061177404,376,0.01676034927368164,606.6641845703125,8.537894248962402,mc,HalfCheetah-v5,1
393216,-345.9101045388862,392,-0.029854129999876022,533.2767944335938,8.539116859436035,mc,HalfCheetah-v5,1
409600,-345.28279198097886,408,0.020470358431339264,498.77056884765625,8.540223121643066,mc,HalfCheetah-v5,1
425984,-342.5128229627055,424,0.028275251388549805,578.7815551757812,8.541403770446777,mc,HalfCheetah-v5,1
442368,-347.0346517866538,440,0.004317522048950195,695.7265625,8.542685508728027,mc,HalfCheetah-v5,1
458752,-345.0253327249141,456,0.006991595029830933,518.33447265625,8.54396915435791,mc,HalfCheetah-v5,1
475136,-348.76659078162015,472,0.0015379935503005981,558.0081787109375,8.545273780822754,mc,HalfCheetah-v5,1
491520,-349.24810482417024,488,-0.014447860419750214,585.233154296875,8.546584129333496,mc,HalfCheetah-v5,1
507904,-351.6564428057664,504,0.010307222604751587,548.139404296875,8.54782772064209,mc,HalfCheetah-v5,1
524288,-356.6297636367885,520,-8.45789909362793e-05,590.1126098632812,8.54910945892334,mc,HalfCheetah-v5,1
540672,-349.82406164070954,536,-0.0008366759866476059,557.7569580078125,8.550384521484375,mc,HalfCheetah-v5,1
557056,-353.13882578195734,552,-0.004887804388999939,587.126953125,8.551666259765625,mc,HalfCheetah-v5,1
573440,-353.66827028298997,568,0.01634208858013153,608.5282592773438,8.552931785583496,mc,HalfCheetah-v5,1
589824,-352.1423479787411,584,0.003073960542678833,514.0697631835938,8.554253578186035,mc,HalfCheetah-v5,1
606208,-354.4256763701957,600,0.00022849440574645996,574.9374389648438,8.555587768554688,mc,HalfCheetah-v5,1
622592,-353.41098762160664,616,0.0005617737770080566,581.3361206054688,8.556892395019531,mc,HalfCheetah-v5,1
638976,-355.0840025625415,632,0.0006490349769592285,488.12164306640625,8.55820369720459,mc,HalfCheetah-v5,1
655360,-350.46930473294503,648,-0.01117163896560669,548.9517211914062,8.559510231018066,mc,HalfCheetah-v5,1
671744,-346.3194744103503,664,-0.029078394174575806,551.2562866210938,8.56076717376709,mc,HalfCheetah-v5,1
688128,-355.73714480999917,680,0.016124621033668518,715.0667724609375,8.561905860900879,mc,HalfCheetah-v5,1
704512,-360.5074499046683,696,0.007729038596153259,624.151123046875,8.563118934631348,mc,HalfCheetah-v5,1
720896,-356.9314725954776,720,-0.002295970916748047,555.1199340820312,8.564360618591309,mc,HalfCheetah-v5,1
737280,-357.27630571540163,736,-0.009625598788261414,561.2396850585938,8.565589904785156,mc,HalfCheetah-v5,1
753664,-358.17732684496417,752,-0.007652148604393005,517.5953369140625,8.566787719726562,mc,HalfCheetah-v5,1
770048,-354.31142613844014,768,0.008578680455684662,501.51068115234375,8.567961692810059,mc,HalfCheetah-v5,1
786432,-347.5554371076224,784,-0.005773115903139114,538.2462158203125,8.569169044494629,mc,HalfCheetah-v5,1
802816,-342.0669936157766,800,-0.0013086497783660889,471.24603271484375,8.570372581481934,mc,HalfCheetah-v5,1
819200,-342.21113022513725,816,-0.033239543437957764,485.4111328125,8.571564674377441,mc,HalfCheetah-v5,1
835584,-339.8752157087032,832,-0.009348183870315552,471.0393371582031,8.572647094726562,mc,HalfCheetah-v5,1
851968,-341.1191993691767,848,-0.0002605803310871124,497.87664794921875,8.573708534240723,mc,HalfCheetah-v5,1
868352,-345.1949251510321,864,-0.0013940632343292236,549.2741088867188,8.574769020080566,mc,HalfCheetah-v5,1
884736,-336.246697679094,880,-0.016346514225006104,385.5444641113281,8.575850486755371,mc,HalfCheetah-v5,1
901120,-335.1107146646571,896,0.008846625685691833,471.529052734375,8.57688045501709,mc,HalfCheetah-v5,1
917504,-336.6542247528932,912,-0.04184596240520477,513.1034545898438,8.577958106994629,mc,HalfCheetah-v5,1
933888,-335.4184072696077,928,0.013353824615478516,439.6610107421875,8.578888893127441,mc,HalfCheetah-v5,1
950272,-332.65494519227155,944,0.006819643080234528,447.3788757324219,8.579894065856934,mc,HalfCheetah-v5,1
966656,-332.6845466244391,960,0.007788866758346558,570.3052368164062,8.580946922302246,mc,HalfCheetah-v5,1
983040,-342.4091357413773,976,-0.02487635612487793,570.694091796875,8.582054138183594,mc,HalfCheetah-v5,1
999424,-350.14342982219875,992,0.014768660068511963,491.9463195800781,8.583076477050781,mc,HalfCheetah-v5,1
16384,-317.5978797830824,16,-0.022908776998519897,591.0850830078125,8.513632774353027,mc,HalfCheetah-v5,2
32768,-329.42577801890275,32,-0.025906957685947418,579.418701171875,8.514229774475098,mc,HalfCheetah-v5,2
49152,-337.43917375205143,48,-0.005658000707626343,610.5374145507812,8.514527320861816,mc,HalfCheetah-v5,2
65536,-337.716792846775,64,-0.002083033323287964,555.1737060546875,8.515501976013184,mc,HalfCheetah-v5,2
81920,-341.1153602253545,80,-0.010702133178710938,668.7709350585938,8.516585350036621,mc,HalfCheetah-v5,2
98304,-346.13292737956573,96,-0.009168624877929688,651.5391845703125,8.517708778381348,mc,HalfCheetah-v5,2
114688,-349.7477966320559,112,-0.004536807537078857,581.24951171875,8.518837928771973,mc,HalfCheetah-v5,2
131072,-351.4027100686903,128,-0.008751504123210907,588.932861328125,8.520005226135254,mc,HalfCheetah-v5,2
147456,-348.7381550050403,144,-0.004496291279792786,595.08203125,8.521086692810059,mc,HalfCheetah-v5,2
163840,-350.9354338704268,160,0.017796233296394348,576.7460327148438,8.522210121154785,mc,HalfCheetah-v5,2
180224,-350.14175994455496,176,-0.02923332154750824,606.4066162109375,8.523460388183594,mc,HalfCheetah-v5,2
196608,-351.0248459177931,192,-0.023129403591156006,624.0961303710938,8.524436950683594,mc,HalfCheetah-v5,2
212992,-350.38756920446934,208,-0.021792598068714142,575.6441650390625,8.525343894958496,mc,HalfCheetah-v5,2
229376,-353.6987158733927,224,-0.015665337443351746,736.5277099609375,8.526185035705566,mc,HalfCheetah-v5,2
245760,-361.6506677145442,240,-0.018412217497825623,577.1004028320312,8.527009010314941,mc,HalfCheetah-v5,2
262144,-359.978061316569,256,0.025208190083503723,558.9876708984375,8.527831077575684,mc,HalfCheetah-v5,2
278528,-355.3349721526314,272,-0.00891028344631195,574.9700317382812,8.52880859375,mc,HalfCheetah-v5,2
294912,-357.4517315515032,288,-0.00015807151794433594,705.8673095703125,8.529807090759277,mc,HalfCheetah-v5,2
311296,-353.2602291359455,304,-0.01786540448665619,541.3370361328125,8.530844688415527,mc,HalfCheetah-v5,2
327680,-351.87535492758326,320,-0.0034445226192474365,642.7404174804688,8.531838417053223,mc,HalfCheetah-v5,2
344064,-359.0249234860694,336,0.01718994975090027,740.1968994140625,8.532866477966309,mc,HalfCheetah-v5,2
360448,-362.82285795930744,360,0.003345295786857605,661.8839721679688,8.533995628356934,mc,HalfCheetah-v5,2
376832,-364.5066738674701,376,-0.011346876621246338,594.6467895507812,8.53518009185791,mc,HalfCheetah-v5,2
393216,-357.39172483473914,392,-0.014634758234024048,540.7907104492188,8.536316871643066,mc,HalfCheetah-v5,2
409600,-359.13864090424124,408,-0.004729971289634705,560.9762573242188,8.537400245666504,mc,HalfCheetah-v5,2
425984,-354.02976904419984,424,-0.009438544511795044,479.74017333984375,8.538483619689941,mc,HalfCheetah-v5,2
442368,-342.54465415621576,440,0.005218416452407837,540.7843627929688,8.539558410644531,mc,HalfCheetah-v5,2
458752,-339.28576037851394,456,0.004435885697603226,638.49951171875,8.54067325592041,mc,HalfCheetah-v5,2
475136,-345.10417473522836,472,-0.015540271997451782,588.2777099609375,8.54183292388916,mc,HalfCheetah-v5,2
491520,-343.3016749799387,488,-0.016180425882339478,528.9398803710938,8.54294490814209,mc,HalfCheetah-v5,2
507904,-342.94787003663674,504,0.019282549619674683,535.176025390625,8.544014930725098,mc,HalfCheetah-v5,2
524288,-345.3230148575502,520,-0.01221562922000885,524.4293212890625,8.54520320892334,mc,HalfCheetah-v5,2
540672,-348.7390046262597,536,-0.0016132444143295288,630.5983276367188,8.546355247497559,mc,HalfCheetah-v5,2
557056,-352.7810789940517,552,0.0007131099700927734,547.0841674804688,8.547523498535156,mc,HalfCheetah-v5,2
573440,-342.2869444874676,568,-0.006403446197509766,494.26190185546875,8.548720359802246,mc,HalfCheetah-v5,2
589824,-343.89057463770143,584,-0.0024333447217941284,507.94036865234375,8.54988956451416,mc,HalfCheetah-v5,2
606208,-343.5041553043713,600,-0.013247013092041016,546.7832641601562,8.551054954528809,mc,HalfCheetah-v5,2
622592,-341.3605302678245,616,-0.010423362255096436,554.5023193359375,8.552184104919434,mc,HalfCheetah-v5,2
638976,-342.09223114210886,632,-0.008820485323667526,486.9437255859375,8.553282737731934,mc,HalfCheetah-v5,2
655360,-335.1103523775351,648,-0.010537996888160706,450.24810791015625,8.554368019104004,mc,HalfCheetah-v5,2
671744,-337.8869319313198,664,-0.023288220167160034,583.0631713867188,8.555451393127441,mc,HalfCheetah-v5,2
688128,-336.8936680189517,680,-0.008334755897521973,565.639892578125,8.556441307067871,mc,HalfCheetah-v5,2
704512,-335.5434778502144,696,-0.009503006935119629,586.880126953125,8.557433128356934,mc,HalfCheetah-v5,2
720896,-338.44064095429553,720,-0.001112520694732666,525.9141235351562,8.55837345123291,mc,HalfCheetah-v5,2
737280,-337.40160895378017,736,0.021115779876708984,518.4397583007812,8.559334754943848,mc,HalfCheetah-v5,2
753664,-350.00277748423105,752,-0.018939407542347908,724.572265625,8.560410499572754,mc,HalfCheetah-v5,2
770048,-347.87830220518265,768,-0.007871516048908234,561.7426147460938,8.561440467834473,mc,HalfCheetah-v5,2
786432,-343.90651749674134,784,-0.00036519765853881836,483.9539794921875,8.562485694885254,mc,HalfCheetah-v5,2
802816,-344.2142672479124,800,0.025442644953727722,521.72607421875,8.56357479095459,mc,HalfCheetah-v5,2
819200,-337.93175388038895,816,-0.0030048489570617676,413.398193359375,8.564780235290527,mc,HalfCheetah-v5,2
835584,-337.11434345468945,832,0.002474874258041382,472.3404541015625,8.565993309020996,mc,HalfCheetah-v5,2
851968,-336.5622625657932,848,0.011456191539764404,593.6778564453125,8.567215919494629,mc,HalfCheetah-v5,2
868352,-328.8261847076563,864,-0.015498757362365723,419.3905029296875,8.568495750427246,mc,HalfCheetah-v5,2
884736,-327.0340114091233,880,-0.01808662712574005,415.0744934082031,8.569718360900879,mc,HalfCheetah-v5,2
901120,-320.26591675217816,896,-0.0007542325183749199,404.7086181640625,8.570891380310059,mc,HalfCheetah-v5,2
917504,-321.34272686188956,912,-0.010862305760383606,463.1144104003906,8.572067260742188,mc,HalfCheetah-v5,2
933888,-324.6163860792361,928,-0.006600085645914078,466.4383544921875,8.573212623596191,mc,HalfCheetah-v5,2
950272,-317.14182764966165,944,-0.011697940528392792,424.0121765136719,8.574349403381348,mc,HalfCheetah-v5,2
966656,-316.88606653004496,960,-0.009564608335494995,589.4033203125,8.575461387634277,mc,HalfCheetah-v5,2
983040,-326.8454896454805,976,-0.010799810290336609,544.9125366210938,8.576554298400879,mc,HalfCheetah-v5,2
999424,-333.2908116077504,992,0.00446733832359314,453.2912902832031,8.577630043029785,mc,HalfCheetah-v5,2
16384,-351.2562072626464,16,-0.021917790174484253,30.116052627563477,8.513632774353027,gae,HalfCheetah-v5,0
32768,-349.00794832956956,32,-0.02144390344619751,29.377492904663086,8.514229774475098,gae,HalfCheetah-v5,0
49152,-347.3724397853205,48,0.000630207359790802,31.579336166381836,8.514731407165527,gae,HalfCheetah-v5,0
65536,-357.5860640959144,64,-0.025297105312347412,38.17103576660156,8.51554012298584,gae,HalfCheetah-v5,0
81920,-360.9346692403418,80,-0.020993918180465698,33.13563919067383,8.516175270080566,gae,HalfCheetah-v5,0
98304,-359.34475888218896,96,-0.03612065315246582,31.647411346435547,8.516823768615723,gae,HalfCheetah-v5,0
114688,-363.60075698862767,112,-0.004555270075798035,30.739715576171875,8.517304420471191,gae,HalfCheetah-v5,0
131072,-359.42074267659183,128,-0.002932220697402954,29.478164672851562,8.517983436584473,gae,HalfCheetah-v5,0
147456,-365.3613373625303,144,-0.012736506760120392,29.73307228088379,8.518738746643066,gae,HalfCheetah-v5,0
163840,-359.5824992110423,160,-0.025353506207466125,30.65392303466797,8.519553184509277,gae,HalfCheetah-v5,0
180224,-351.3519553669967,176,-0.034071777015924454,24.68225860595703,8.520249366760254,gae,HalfCheetah-v5,0
196608,-356.69208253005786,192,-0.028105348348617554,31.694374084472656,8.520851135253906,gae,HalfCheetah-v5,0
212992,-345.9746159653823,208,-0.02294318377971649,31.624174118041992,8.521416664123535,gae,HalfCheetah-v5,0
229376,-353.72357797256785,224,-0.0029171835631132126,34.449153900146484,8.521956443786621,gae,HalfCheetah-v5,0
245760,-348.3906255095439,240,-0.011392466723918915,26.974872589111328,8.52260684967041,gae,HalfCheetah-v5,0
262144,-347.1822996042409,256,-0.02676519751548767,31.790918350219727,8.523316383361816,gae,HalfCheetah-v5,0
278528,-347.83657690088205,272,-0.049179453402757645,24.681013107299805,8.523970603942871,gae,HalfCheetah-v5,0
294912,-346.8971178591405,288,-0.02845706045627594,30.188129425048828,8.524382591247559,gae,HalfCheetah-v5,0
311296,-347.9060584455479,304,-0.01784878969192505,33.5304069519043,8.524758338928223,gae,HalfCheetah-v5,0
327680,-348.1737627058028,320,-0.03034891188144684,24.582008361816406,8.525177001953125,gae,HalfCheetah-v5,0
344064,-345.4637604792399,336,-0.029351890087127686,27.132457733154297,8.525519371032715,gae,HalfCheetah-v5,0
360448,-344.49414383314877,360,-0.032546065747737885,25.589250564575195,8.525832176208496,gae,HalfCheetah-v5,0
376832,-345.2177978744743,376,-0.04041281342506409,29.328086853027344,8.526108741760254,gae,HalfCheetah-v5,0
393216,-347.08774233049485,392,-0.044609516859054565,29.403385162353516,8.526297569274902,gae,HalfCheetah-v5,0
409600,-348.25715522723993,408,-0.04228535294532776,31.193092346191406,8.526366233825684,gae,HalfCheetah-v5,0
425984,-348.9139311610319,424,-0.005156457424163818,26.088180541992188,8.526360511779785,gae,HalfCheetah-v5,0
442368,-351.3250381833386,440,-0.04390604794025421,30.021608352661133,8.526495933532715,gae,HalfCheetah-v5,0
458752,-352.73896814704625,456,-0.014632157981395721,25.782468795776367,8.526535034179688,gae,HalfCheetah-v5,0
475136,-344.16796239050404,472,-0.0020708590745925903,22.3009033203125,8.52664852142334,gae,HalfCheetah-v5,0
491520,-338.78714635502286,488,-0.004155740141868591,30.345285415649414,8.52689266204834,gae,HalfCheetah-v5,0
507904,-333.43285334980544,504,-0.026145603507757187,25.126483917236328,8.52724552154541,gae,HalfCheetah-v5,0
524288,-332.85175104472654,520,-0.035535216331481934,25.650081634521484,8.527596473693848,gae,HalfCheetah-v5,0
540672,-329.3130006656791,536,-0.026608631014823914,26.547618865966797,8.527894020080566,gae,HalfCheetah-v5,0
557056,-323.8592249776148,552,-0.009731858968734741,26.634342193603516,8.528182983398438,gae,HalfCheetah-v5,0
573440,-328.6858925105218,568,-0.01779397577047348,23.37027359008789,8.528542518615723,gae,HalfCheetah-v5,0
589824,-330.8833074197908,584,-0.03894796967506409,26.716825485229492,8.528922080993652,gae,HalfCheetah-v5,0
606208,-329.15781844125826,600,-0.020822584629058838,23.9058837890625,8.529204368591309,gae,HalfCheetah-v5,0
622592,-327.15382070651384,616,-0.029223091900348663,23.726451873779297,8.529494285583496,gae,HalfCheetah-v5,0
638976,-329.5044648659781,632,-0.040944308042526245,23.424816131591797,8.52976131439209,gae,HalfCheetah-v5,0
655360,-332.34328787136735,648,-0.03361363708972931,28.12030029296875,8.529961585998535,gae,HalfCheetah-v5,0
671744,-335.5830019184669,664,-0.041511498391628265,25.894960403442383,8.530106544494629,gae,HalfCheetah-v5,0
688128,-339.48970061477775,680,-0.04604072868824005,27.956750869750977,8.530167579650879,gae,HalfCheetah-v5,0
704512,-342.0249196943463,696,-0.05182725191116333,23.334806442260742,8.530135154724121,gae,HalfCheetah-v5,0
720896,-346.2192209748308,720,-0.0005167797207832336,27.43010902404785,8.529976844787598,gae,HalfCheetah-v5,0
737280,-347.0753313083858,736,-0.029010124504566193,25.24559783935547,8.53000545501709,gae,HalfCheetah-v5,0
753664,-340.0583870764209,752,-0.009107030928134918,21.377553939819336,8.530022621154785,gae,HalfCheetah-v5,0
770048,-331.5015225808357,768,-0.01835723966360092,21.35565948486328,8.5301513671875,gae,HalfCheetah-v5,0
786432,-327.19231878696627,784,-0.03607708215713501,26.07337188720703,8.530326843261719,gae,HalfCheetah-v5,0
802816,-329.21733059151563,800,-0.01644909381866455,23.831880569458008,8.530455589294434,gae,HalfCheetah-v5,0
819200,-325.04497031418293,816,-0.017282098531723022,27.162696838378906,8.530648231506348,gae,HalfCheetah-v5,0
835584,-320.25081572783125,832,-0.00402330607175827,23.427715301513672,8.530892372131348,gae,HalfCheetah-v5,0
851968,-326.4757351846472,848,-0.032126545906066895,26.75844383239746,8.531235694885254,gae,HalfCheetah-v5,0
868352,-326.1462678586887,864,-0.015820324420928955,22.116987228393555,8.531533241271973,gae,HalfCheetah-v5,0
884736,-326.60799705272024,880,-0.03973567485809326,26.21281623840332,8.531867027282715,gae,HalfCheetah-v5,0
901120,-324.80601071989224,896,-0.028278671205043793,20.73282814025879,8.532111167907715,gae,HalfCheetah-v5,0
917504,-325.9271212902588,912,-0.012333150953054428,21.124055862426758,8.532347679138184,gae,HalfCheetah-v5,0
933888,-326.422437814351,928,-0.017916738986968994,21.857627868652344,8.532645225524902,gae,HalfCheetah-v5,0
950272,-320.69337611290695,944,-0.03861357271671295,20.408647537231445,8.532973289489746,gae,HalfCheetah-v5,0
966656,-321.90638658370625,960,-0.026850059628486633,27.13720703125,8.53324031829834,gae,HalfCheetah-v5,0
983040,-326.8072788042244,976,-0.04986491799354553,21.939048767089844,8.533507347106934,gae,HalfCheetah-v5,0
999424,-324.3650431523685,992,-0.053744152188301086,21.35098648071289,8.533644676208496,gae,HalfCheetah-v5,0
16384,-336.2395606759235,16,-0.023712903261184692,29.168895721435547,8.513632774353027,gae,HalfCheetah-v5,1
32768,-346.6976663310548,32,-0.008990257978439331,33.90734100341797,8.513031959533691,gae,HalfCheetah-v5,1
49152,-356.9051135000944,48,-0.017551856115460396,33.763511657714844,8.51361083984375,gae,HalfCheetah-v5,1
65536,-355.43854772965324,64,-0.0017359862104058266,28.302682876586914,8.514189720153809,gae,HalfCheetah-v5,1
81920,-350.57276833898834,80,-0.015084341168403625,29.064922332763672,8.514885902404785,gae,HalfCheetah-v5,1
98304,-356.6792584750642,96,-0.0484619140625,32.24553298950195,8.515593528747559,gae,HalfCheetah-v5,1
114688,-357.66072051092493,112,-0.01744195818901062,33.38677978515625,8.51595401763916,gae,HalfCheetah-v5,1
131072,-359.98419605893434,128,-0.0013291463255882263,30.158893585205078,8.51638126373291,gae,HalfCheetah-v5,1
147456,-360.28044627398975,144,-0.006034240126609802,33.11921691894531,8.516968727111816,gae,HalfCheetah-v5,1
163840,-353.12070582194605,160,-0.006225019693374634,29.628612518310547,8.517645835876465,gae,HalfCheetah-v5,1
180224,-356.4129098879401,176,-0.0076056718826293945,33.35467529296875,8.518355369567871,gae,HalfCheetah-v5,1
196608,-350.42322583359544,192,-0.04620593786239624,25.8990478515625,8.519110679626465,gae,HalfCheetah-v5,1
212992,-342.3754584210682,208,-0.0015021711587905884,33.2994384765625,8.51967716217041,gae,HalfCheetah-v5,1
229376,-339.92345438962724,224,-0.03300878405570984,26.30569839477539,8.52036190032959,gae,HalfCheetah-v5,1
245760,-334.44162079887735,240,-0.0033411905169487,30.140506744384766,8.520928382873535,gae,HalfCheetah-v5,1
262144,-335.72640806752213,256,-0.026787852868437767,32.46095657348633,8.52158260345459,gae,HalfCheetah-v5,1
278528,-337.9410240056685,272,-0.0007681921124458313,26.336301803588867,8.522170066833496,gae,HalfCheetah-v5,1
294912,-338.5881705565915,288,-0.012911804020404816,29.720508575439453,8.522818565368652,gae,HalfCheetah-v5,1
311296,-340.94933451662195,304,-0.008909305557608604,31.659128189086914,8.523484230041504,gae,HalfCheetah-v5,1
327680,-341.1453069758188,320,-0.02424563467502594,30.55537986755371,8.524163246154785,gae,HalfCheetah-v5,1
344064,-343.3932378113656,336,-0.0287016648799181,28.537918090820312,8.524803161621094,gae,HalfCheetah-v5,1
360448,-339.3684456890516,360,-0.0004933774471282959,27.997642517089844,8.525389671325684,gae,HalfCheetah-v5,1
376832,-342.0771254041922,376,-0.03637225925922394,31.5071964263916,8.526054382324219,gae,HalfCheetah-v5,1
393216,-335.9172742876557,392,-0.030337650328874588,24.980819702148438,8.526604652404785,gae,HalfCheetah-v5,1
409600,-335.8778823477889,408,-0.001371227204799652,25.43586540222168,8.527100563049316,gae,HalfCheetah-v5,1
425984,-334.75595209802884,424,-0.015622325241565704,28.666780471801758,8.527687072753906,gae,HalfCheetah-v5,1
442368,-332.3406941306014,440,-0.014173120260238647,31.231229782104492,8.52828311920166,gae,HalfCheetah-v5,1
458752,-332.29543761673887,456,-0.02754291146993637,27.576740264892578,8.528908729553223,gae,HalfCheetah-v5,1
475136,-331.0279986502104,472,-0.0185752771794796,21.580066680908203,8.529488563537598,gae,HalfCheetah-v5,1
491520,-328.2206996537882,488,0.001248672604560852,24.86354637145996,8.530076026916504,gae,HalfCheetah-v5,1
507904,-333.25042490458617,504,-0.023633092641830444,28.094635009765625,8.530747413635254,gae,HalfCheetah-v5,1
524288,-336.01006082710717,520,-0.021559089422225952,28.047225952148438,8.531394004821777,gae,HalfCheetah-v5,1
540672,-334.56435365062976,536,-0.017247304320335388,29.674856185913086,8.532011985778809,gae,HalfCheetah-v5,1
557056,-336.8239481950744,552,-0.015586614608764648,28.350894927978516,8.532623291015625,gae,HalfCheetah-v5,1
573440,-337.98638335966183,568,-0.017055928707122803,26.029918670654297,8.533242225646973,gae,HalfCheetah-v5,1
589824,-339.38534359181045,584,-0.020287245512008667,26.665668487548828,8.533873558044434,gae,HalfCheetah-v5,1
606208,-339.517866874374,600,0.0028872787952423096,30.093368530273438,8.534485816955566,gae,HalfCheetah-v5,1
622592,-340.2674979064915,616,-0.027563780546188354,26.985261917114258,8.535185813903809,gae,HalfCheetah-v5,1
638976,-338.7290780856033,632,-0.03313100337982178,23.738222122192383,8.535820007324219,gae,HalfCheetah-v5,1
655360,-342.8535025999021,648,-0.0411970317363739,28.840232849121094,8.536375999450684,gae,HalfCheetah-v5,1
671744,-343.24634423620074,664,-0.04198230803012848,29.214418411254883,8.536818504333496,gae,HalfCheetah-v5,1
688128,-350.0951088300571,680,-0.025923222303390503,27.944721221923828,8.537156105041504,gae,HalfCheetah-v5,1
704512,-352.1828886962194,696,-0.005696326494216919,28.948410034179688,8.537489891052246,gae,HalfCheetah-v5,1
720896,-345.9360417308793,720,-0.0003183409571647644,24.162490844726562,8.537910461425781,gae,HalfCheetah-v5,1
737280,-348.3683820919224,736,-0.02824440598487854,24.78260612487793,8.538443565368652,gae,HalfCheetah-v5,1
753664,-340.721566476426,752,-0.006056055426597595,25.642730712890625,8.538931846618652,gae,HalfCheetah-v5,1
770048,-337.54984160495786,768,-0.013557732105255127,23.622222900390625,8.539497375488281,gae,HalfCheetah-v5,1
786432,-333.1911971933274,784,0.0027246326208114624,22.10944366455078,8.540083885192871,gae,HalfCheetah-v5,1
802816,-331.023504437803,800,-0.043235719203948975,24.861499786376953,8.540770530700684,gae,HalfCheetah-v5,1
819200,-334.71208807433686,816,-0.030011862516403198,27.83399200439453,8.541321754455566,gae,HalfCheetah-v5,1
835584,-330.13807225088715,832,-0.042148031294345856,20.761302947998047,8.541838645935059,gae,HalfCheetah-v5,1
851968,-332.5064533064398,848,-0.025571629405021667,25.773576736450195,8.542235374450684,gae,HalfCheetah-v5,1
868352,-337.48973052205326,864,-0.028316959738731384,24.25644302368164,8.54262638092041,gae,HalfCheetah-v5,1
884736,-334.9883856252312,880,-0.02053619921207428,21.988540649414062,8.542984962463379,gae,HalfCheetah-v5,1
901120,-336.80999279074865,896,-0.02018134482204914,24.314504623413086,8.543350219726562,gae,HalfCheetah-v5,1
917504,-332.01931976668527,912,-0.029681146144866943,20.97379493713379,8.543745994567871,gae,HalfCheetah-v5,1
933888,-331.9532700028432,928,-0.022241495549678802,21.8853759765625,8.54409122467041,gae,HalfCheetah-v5,1
950272,-330.9025085625001,944,-0.029050517827272415,21.67559242248535,8.544434547424316,gae,HalfCheetah-v5,1
966656,-327.34323279485216,960,-0.010375849902629852,23.419811248779297,8.544768333435059,gae,HalfCheetah-v5,1
983040,-323.5062763906207,976,-0.029911458492279053,25.88506317138672,8.545165061950684,gae,HalfCheetah-v5,1
999424,-325.90246073338074,992,-0.02192220464348793,20.413419723510742,8.545523643493652,gae,HalfCheetah-v5,1
16384,-317.5978797830824,16,-0.019890248775482178,30.946500778198242,8.513632774353027,gae,HalfCheetah-v5,2
32768,-334.2811018839917,32,-0.03504735231399536,33.668678283691406,8.514229774475098,gae,HalfCheetah-v5,2
49152,-343.28767828229064,48,-0.016248703002929688,32.682220458984375,8.514313697814941,gae,HalfCheetah-v5,2
65536,-343.2603958080741,64,-0.021810099482536316,28.50416374206543,8.514565467834473,gae,HalfCheetah-v5,2
81920,-350.9671965356529,80,-0.021381407976150513,34.332706451416016,8.514900207519531,gae,HalfCheetah-v5,2
98304,-348.6201554761758,96,-0.017027750611305237,33.51942443847656,8.515290260314941,gae,HalfCheetah-v5,2
114688,-353.7947435417614,112,-0.03011317551136017,29.873308181762695,8.515669822692871,gae,HalfCheetah-v5,2
131072,-360.18235005907735,128,-0.03491868078708649,29.20121955871582,8.515931129455566,gae,HalfCheetah-v5,2
147456,-356.10562296949297,144,-0.042896345257759094,32.40947723388672,8.516097068786621,gae,HalfCheetah-v5,2
163840,-354.42740086133347,160,-0.015190787613391876,26.76568031311035,8.516158103942871,gae,HalfCheetah-v5,2
180224,-349.53469712257646,176,-0.024641424417495728,29.961055755615234,8.516402244567871,gae,HalfCheetah-v5,2
196608,-348.0483938706945,192,-0.015787184238433838,30.669593811035156,8.516678810119629,gae,HalfCheetah-v5,2
212992,-348.22058350231686,208,-0.003385215997695923,30.565017700195312,8.517029762268066,gae,HalfCheetah-v5,2
229376,-349.19594117289,224,-0.04165582358837128,41.50069046020508,8.517531394958496,gae,HalfCheetah-v5,2
245760,-359.5988975224083,240,-0.04420686513185501,28.30431365966797,8.517884254455566,gae,HalfCheetah-v5,2
262144,-360.3460004882989,256,-0.01807183027267456,28.611915588378906,8.518096923828125,gae,HalfCheetah-v5,2
278528,-362.39046040189004,272,-0.030783195048570633,31.626455307006836,8.518372535705566,gae,HalfCheetah-v5,2
294912,-365.8664149869192,288,-0.02807282656431198,24.6771183013916,8.518614768981934,gae,HalfCheetah-v5,2
311296,-360.5309300742043,304,-0.044320493936538696,23.259212493896484,8.518837928771973,gae,HalfCheetah-v5,2
327680,-355.8002142869492,320,-0.0187823623418808,29.52445411682129,8.51894474029541,gae,HalfCheetah-v5,2
344064,-344.273102376401,336,0.0046075135469436646,23.62828826904297,8.519087791442871,gae,HalfCheetah-v5,2
360448,-341.9832274985248,360,-0.04192936047911644,29.70130729675293,8.519438743591309,gae,HalfCheetah-v5,2
376832,-343.2503226398814,376,-0.015694396570324898,30.360227584838867,8.519682884216309,gae,HalfCheetah-v5,2
393216,-338.1846603640354,392,-0.004557818174362183,27.066368103027344,8.51998233795166,gae,HalfCheetah-v5,2
409600,-346.8319454545559,408,-0.018479596823453903,30.891033172607422,8.520393371582031,gae,HalfCheetah-v5,2
425984,-346.46534910486184,424,-0.006649315357208252,26.365074157714844,8.520819664001465,gae,HalfCheetah-v5,2
442368,-351.9312248861643,440,-0.024858132004737854,31.915239334106445,8.521347999572754,gae,HalfCheetah-v5,2
458752,-346.24602019459735,456,-0.005678199231624603,27.07585906982422,8.521842956542969,gae,HalfCheetah-v5,2
475136,-344.4628960036031,472,-0.04388618469238281,27.349437713623047,8.522400856018066,gae,HalfCheetah-v5,2
491520,-342.45804716186916,488,-0.01688842847943306,28.435945510864258,8.522828102111816,gae,HalfCheetah-v5,2
507904,-341.6382920777721,504,-0.011496663093566895,25.368980407714844,8.523293495178223,gae,HalfCheetah-v5,2
524288,-338.45478761222455,520,-0.007952623069286346,25.545303344726562,8.523819923400879,gae,HalfCheetah-v5,2
540672,-331.6674336052489,536,-0.029575854539871216,31.89504051208496,8.524415016174316,gae,HalfCheetah-v5,2
557056,-333.6785899099313,552,-0.01993045210838318,27.520137786865234,8.524941444396973,gae,HalfCheetah-v5,2
573440,-332.5336884118791,568,-0.007988356053829193,27.200254440307617,8.525460243225098,gae,HalfCheetah-v5,2
589824,-332.3537519863822,584,-0.018803894519805908,26.51644515991211,8.526032447814941,gae,HalfCheetah-v5,2
606208,-330.5205991342276,600,-0.01613415777683258,24.779190063476562,8.526610374450684,gae,HalfCheetah-v5,2
622592,-330.7002903526822,616,-0.02793888747692108,23.736637115478516,8.527167320251465,gae,HalfCheetah-v5,2
638976,-334.0244828140065,632,-0.01703059673309326,33.28450012207031,8.52768611907959,gae,HalfCheetah-v5,2
655360,-329.87882057730695,648,-0.008658789098262787,25.069618225097656,8.528228759765625,gae,HalfCheetah-v5,2
671744,-333.80722887507153,664,-0.014041759073734283,27.53274154663086,8.528838157653809,gae,HalfCheetah-v5,2
688128,-329.4738893624614,680,0.0094593595713377,27.849323272705078,8.529479026794434,gae,HalfCheetah-v5,2
704512,-336.19329271062617,696,-0.030798770487308502,27.034069061279297,8.530259132385254,gae,HalfCheetah-v5,2
720896,-339.8429849578757,720,-0.02152317762374878,28.535743713378906,8.530966758728027,gae,HalfCheetah-v5,2
737280,-336.33445506835744,736,-0.02524833008646965,23.391990661621094,8.53164005279541,gae,HalfCheetah-v5,2
753664,-340.293024525718,752,-0.036388516426086426,26.581897735595703,8.532279014587402,gae,HalfCheetah-v5,2
770048,-341.859739554043,768,-0.023940786719322205,26.15390396118164,8.532814979553223,gae,HalfCheetah-v5,2
786432,-342.4724318832417,784,-0.016706429421901703,27.062320709228516,8.533339500427246,gae,HalfCheetah-v5,2
802816,-341.82340352640773,800,-0.010105520486831665,27.71875762939453,8.533881187438965,gae,HalfCheetah-v5,2
819200,-335.73777771242464,816,-0.011994585394859314,23.818132400512695,8.534470558166504,gae,HalfCheetah-v5,2
835584,-335.33482299099575,832,-0.000985659658908844,25.446258544921875,8.535103797912598,gae,HalfCheetah-v5,2
851968,-333.6187386959687,848,-0.0051490068435668945,21.430404663085938,8.535820007324219,gae,HalfCheetah-v5,2
868352,-331.39273660907895,864,-0.00948140025138855,21.584247589111328,8.53658390045166,gae,HalfCheetah-v5,2
884736,-323.1184595497039,880,-0.021393336355686188,20.027557373046875,8.53737735748291,gae,HalfCheetah-v5,2
901120,-322.1918520142752,896,-0.013530343770980835,26.732463836669922,8.53812313079834,gae,HalfCheetah-v5,2
917504,-319.60971612397066,912,-0.030759297311306,19.745655059814453,8.538865089416504,gae,HalfCheetah-v5,2
933888,-322.51642758196357,928,-0.005202263593673706,26.21596336364746,8.539528846740723,gae,HalfCheetah-v5,2
950272,-322.2522542135878,944,-0.02971583604812622,21.866092681884766,8.540238380432129,gae,HalfCheetah-v5,2
966656,-326.0612521496064,960,-0.007845841348171234,26.827144622802734,8.540879249572754,gae,HalfCheetah-v5,2
983040,-333.51606344772017,976,-0.04285749793052673,25.32147216796875,8.541571617126465,gae,HalfCheetah-v5,2
999424,-331.7915316075957,992,-0.030528299510478973,23.025150299072266,8.542130470275879,gae,HalfCheetah-v5,2
16384,12.843407287265698,789,-0.007940116338431835,0.4626249670982361,4.256816387176514,td1,Hopper-v5,0
32768,15.11877555300886,1592,-0.0010028425604104996,0.4294685125350952,4.257716655731201,td1,Hopper-v5,0
49152,14.738515193406329,2390,0.007866095751523972,0.46800902485847473,4.258498668670654,td1,Hopper-v5,0
65536,13.457597584077437,3198,-0.0203467458486557,0.47975635528564453,4.259276866912842,td1,Hopper-v5,0
81920,13.97722979780565,4000,-0.023201175034046173,0.4833882749080658,4.259707927703857,td1,Hopper-v5,0
98304,14.859692009642458,4823,0.00021298136562108994,0.4869791269302368,4.259963512420654,td1,Hopper-v5,0
114688,13.65897658748822,5666,0.0028806068003177643,0.4902000427246094,4.260353088378906,td1,Hopper-v5,0
131072,14.43923586834886,6493,0.006135373376309872,0.5259113907814026,4.260840892791748,td1,Hopper-v5,0
147456,15.481359755679186,7327,-0.0033738799393177032,0.5589170455932617,4.261424541473389,td1,Hopper-v5,0
163840,14.60454115618248,8159,0.0006549486424773932,0.5847204923629761,4.262023448944092,td1,Hopper-v5,0
180224,13.060161922032009,9007,-0.01894449070096016,0.5804402232170105,4.262657165527344,td1,Hopper-v5,0
196608,13.035094782971731,9872,-0.023824792355298996,0.6158055067062378,4.263187885284424,td1,Hopper-v5,0
212992,16.026491554470507,10733,-0.007676795125007629,0.6420788764953613,4.263596057891846,td1,Hopper-v5,0
229376,12.574711770761189,11590,-0.02399636059999466,0.6814048886299133,4.2640156745910645,td1,Hopper-v5,0
245760,13.583994596547116,12467,-0.021320903673768044,0.6672719120979309,4.264324188232422,td1,Hopper-v5,0
262144,14.126358105886927,13354,-0.031444381922483444,0.6869606971740723,4.264567852020264,td1,Hopper-v5,0
278528,12.409519242384023,14247,-0.021703913807868958,0.7100154757499695,4.2646565437316895,td1,Hopper-v5,0
294912,13.14739994577036,15170,-0.010912355966866016,0.7438721060752869,4.264698505401611,td1,Hopper-v5,0
311296,12.552857220631338,16080,-0.0307974461466074,0.7425912022590637,4.2647624015808105,td1,Hopper-v5,0
327680,11.239956892226967,17005,-0.019001174718141556,0.7561814785003662,4.264743328094482,td1,Hopper-v5,0
344064,11.650749927096049,17910,-0.025095876306295395,0.7922810316085815,4.264713287353516,td1,Hopper-v5,0
360448,11.108991579694177,18853,-0.052904222160577774,0.7929660677909851,4.264644622802734,td1,Hopper-v5,0
376832,12.501325508813345,19818,-0.00832274742424488,0.8133830428123474,4.264408588409424,td1,Hopper-v5,0
393216,11.716875758634487,20763,-0.030804213136434555,0.841101348400116,4.264236927032471,td1,Hopper-v5,0
409600,12.29610052107373,21716,-0.031234148889780045,0.833519697189331,4.264007091522217,td1,Hopper-v5,0
425984,10.01435037382438,22713,-0.04590899497270584,0.8623866438865662,4.263732433319092,td1,Hopper-v5,0
442368,10.79598276863642,23720,-0.03631281852722168,0.8653525710105896,4.263336181640625,td1,Hopper-v5,0
458752,10.633204688315962,24728,-0.044041361659765244,0.8844302892684937,4.262881755828857,td1,Hopper-v5,0
475136,11.239730689368717,25710,-0.0415828675031662,0.9050326347351074,4.2623515129089355,td1,Hopper-v5,0
491520,14.320584306251963,26711,-0.05336499586701393,0.895845353603363,4.261765003204346,td1,Hopper-v5,0
507904,11.142837815420062,27722,-0.04692373424768448,0.9094738364219666,4.261105060577393,td1,Hopper-v5,0
524288,12.764768739643795,28730,-0.03949948772788048,0.9140869379043579,4.260406970977783,td1,Hopper-v5,0
540672,11.389449420754227,29781,-0.045997925102710724,0.9342279434204102,4.259689807891846,td1,Hopper-v5,0
557056,11.761267860716112,30834,-0.031145377084612846,0.9422459602355957,4.2589497566223145,td1,Hopper-v5,0
573440,12.22191688982193,31870,-0.04351445287466049,0.9593281149864197,4.258235931396484,td1,Hopper-v5,0
589824,11.687343612217637,32925,-0.06251514703035355,0.9707799553871155,4.2574992179870605,td1,Hopper-v5,0
606208,10.441241036764414,33962,-0.0496109239757061,0.9800348281860352,4.256702899932861,td1,Hopper-v5,0
622592,12.465728166661831,35027,-0.044842083007097244,0.9937853217124939,4.255882740020752,td1,Hopper-v5,0
638976,11.038142383124322,36087,-0.04468836262822151,1.009387493133545,4.255058765411377,td1,Hopper-v5,0
655360,12.371781076943423,37091,-0.03573336452245712,1.0220625400543213,4.254237651824951,td1,Hopper-v5,0
671744,10.730235663005868,38137,-0.028240997344255447,1.045908808708191,4.2534565925598145,td1,Hopper-v5,0
688128,12.903917647575227,39158,-0.04676884785294533,1.0658631324768066,4.252719402313232,td1,Hopper-v5,0
704512,12.933815112805943,40183,-0.039458081126213074,1.0890464782714844,4.25199556350708,td1,Hopper-v5,0
720896,11.645484529903065,41214,-0.033752523362636566,1.1023192405700684,4.251270771026611,td1,Hopper-v5,0
737280,12.73829896141006,42191,-0.04016958922147751,1.1535485982894897,4.250564098358154,td1,Hopper-v5,0
753664,13.435341399289719,43152,-0.052640147507190704,1.1712443828582764,4.249863147735596,td1,Hopper-v5,0
770048,13.70080799620231,44106,-0.057031821459531784,1.1992583274841309,4.249129772186279,td1,Hopper-v5,0
786432,11.70749872520412,45073,-0.038569800555706024,1.2268004417419434,4.248366832733154,td1,Hopper-v5,0
802816,15.39834587964726,46002,-0.05206950008869171,1.26389479637146,4.2476115226745605,td1,Hopper-v5,0
819200,16.831409986212254,46901,-0.05455683916807175,1.2996506690979004,4.246826171875,td1,Hopper-v5,0
835584,13.982444888460641,47830,-0.047368936240673065,1.3124207258224487,4.246016979217529,td1,Hopper-v5,0
851968,15.695359110877568,48733,-0.05471273884177208,1.371628761291504,4.245208740234375,td1,Hopper-v5,0
868352,19.0201632481411,49626,-0.06989984214305878,1.3818819522857666,4.244369029998779,td1,Hopper-v5,0
884736,16.779169665265826,50487,-0.06764978915452957,1.43625009059906,4.243476390838623,td1,Hopper-v5,0
901120,16.041338525171874,51329,-0.07659025490283966,1.5018088817596436,4.242542743682861,td1,Hopper-v5,0
917504,20.22856975839351,52159,-0.06312766671180725,1.4968664646148682,4.241565227508545,td1,Hopper-v5,0
933888,20.22665880254318,52936,-0.06094717979431152,1.549100399017334,4.240558624267578,td1,Hopper-v5,0
950272,18.922409453891568,53711,-0.0663473978638649,1.5975977182388306,4.239558696746826,td1,Hopper-v5,0
966656,22.299488850270997,54486,-0.04661986231803894,1.6353654861450195,4.238555431365967,td1,Hopper-v5,0
983040,22.12386318354546,55231,-0.06100635975599289,1.6502039432525635,4.237572193145752,td1,Hopper-v5,0
999424,24.272401359184524,55940,-0.07146179676055908,1.7298041582107544,4.236576557159424,td1,Hopper-v5,0
16384,15.484368197485516,812,0.009319518692791462,0.5802745223045349,4.256816387176514,td1,Hopper-v5,1
32768,12.663077758054678,1629,0.004514762200415134,0.5913475751876831,4.257716655731201,td1,Hopper-v5,1
49152,15.455831383464902,2466,0.03210640698671341,0.5975834727287292,4.258495330810547,td1,Hopper-v5,1
65536,13.628309654982216,3310,0.007472795434296131,0.6126792430877686,4.259315013885498,td1,Hopper-v5,1
81920,11.69998799220879,4159,0.0024011852219700813,0.6233738660812378,4.260066509246826,td1,Hopper-v5,1
98304,13.706568465714426,4994,-0.00011388212442398071,0.647545337677002,4.2607808113098145,td1,Hopper-v5,1
114688,13.158325905726356,5867,0.004653535783290863,0.6742962598800659,4.261443614959717,td1,Hopper-v5,1
131072,12.049538221990588,6763,0.0049275122582912445,0.6877276301383972,4.262088298797607,td1,Hopper-v5,1
147456,14.375056276009,7611,0.00342009961605072,0.7209951281547546,4.262732982635498,td1,Hopper-v5,1
163840,13.564485811925238,8472,-0.0149709302932024,0.714214026927948,4.263381481170654,td1,Hopper-v5,1
180224,10.950957311431894,9361,-0.010005230084061623,0.7309594750404358,4.263962268829346,td1,Hopper-v5,1
196608,10.247952502652309,10294,-0.016302989795804024,0.736184298992157,4.264495372772217,td1,Hopper-v5,1
212992,13.083249292868345,11227,-0.01613982580602169,0.7576912641525269,4.264965057373047,td1,Hopper-v5,1
229376,13.368465386243052,12133,-0.029291469603776932,0.7820174098014832,4.265353679656982,td1,Hopper-v5,1
245760,12.666843764870011,13075,-0.017738986760377884,0.7973842620849609,4.265632152557373,td1,Hopper-v5,1
262144,10.572779839982992,14026,-0.027753308415412903,0.8080615401268005,4.265873432159424,td1,Hopper-v5,1
278528,12.14501854068898,14982,-0.02211540937423706,0.8233424425125122,4.266037464141846,td1,Hopper-v5,1
294912,10.018213622936427,15931,-0.0321238674223423,0.8342457413673401,4.266162872314453,td1,Hopper-v5,1
311296,12.083993312055702,16901,-0.029574744403362274,0.828311562538147,4.266204357147217,td1,Hopper-v5,1
327680,10.190763309963804,17890,-0.04596608504652977,0.842468798160553,4.266170978546143,td1,Hopper-v5,1
344064,12.27173137616245,18863,-0.028388042002916336,0.8588621616363525,4.2660136222839355,td1,Hopper-v5,1
360448,12.695316762181982,19826,-0.019553042948246002,0.8801432847976685,4.265811920166016,td1,Hopper-v5,1
376832,10.87447892591362,20830,-0.0305335596203804,0.87087082862854,4.2656168937683105,td1,Hopper-v5,1
393216,11.16625598627497,21845,-0.022334158420562744,0.8845882415771484,4.265376567840576,td1,Hopper-v5,1
409600,11.542075653980833,22859,-0.02790846861898899,0.889094889163971,4.2651286125183105,td1,Hopper-v5,1
425984,10.80892497215644,23862,-0.040081657469272614,0.9057745337486267,4.264862060546875,td1,Hopper-v5,1
442368,12.995639949823165,24888,-0.02877238020300865,0.9226905703544617,4.264553546905518,td1,Hopper-v5,1
458752,11.24869476131955,25914,-0.05297684296965599,0.9087882041931152,4.264221668243408,td1,Hopper-v5,1
475136,10.97175952728923,26971,-0.03844940662384033,0.9297558069229126,4.2637939453125,td1,Hopper-v5,1
491520,11.051712515445564,28014,-0.040301889181137085,0.9377553462982178,4.263343334197998,td1,Hopper-v5,1
507904,12.559236910484914,29041,-0.03733552619814873,0.9555772542953491,4.262844562530518,td1,Hopper-v5,1
524288,11.239314578645624,30107,-0.029884254559874535,0.9536378383636475,4.262348651885986,td1,Hopper-v5,1
540672,12.597719060952242,31159,-0.02969314157962799,0.9718035459518433,4.261856555938721,td1,Hopper-v5,1
557056,11.964211816669854,32200,-0.03803558647632599,0.9798152446746826,4.261371612548828,td1,Hopper-v5,1
573440,12.694659564086788,33253,-0.028081726282835007,0.9986230731010437,4.260867595672607,td1,Hopper-v5,1
589824,13.01075547206691,34295,-0.035763029009103775,1.0163674354553223,4.2603840827941895,td1,Hopper-v5,1
606208,11.539937071799955,35351,-0.04630356654524803,1.0179895162582397,4.2599101066589355,td1,Hopper-v5,1
622592,13.857840876499246,36396,-0.052882034331560135,1.028549313545227,4.259406566619873,td1,Hopper-v5,1
638976,14.207475549042814,37406,-0.05295684188604355,1.0636107921600342,4.258853435516357,td1,Hopper-v5,1
655360,12.416749654470477,38437,-0.04717807099223137,1.0832762718200684,4.258262634277344,td1,Hopper-v5,1
671744,10.602480055680184,39469,-0.04335915297269821,1.092247724533081,4.25764799118042,td1,Hopper-v5,1
688128,13.049968394740661,40477,-0.05714837461709976,1.1197367906570435,4.2570271492004395,td1,Hopper-v5,1
704512,13.681178083011034,41457,-0.05741460621356964,1.1546342372894287,4.256367206573486,td1,Hopper-v5,1
720896,16.257599985512687,42410,-0.046900734305381775,1.1829750537872314,4.255679607391357,td1,Hopper-v5,1
737280,15.333292197227715,43343,-0.04109411686658859,1.1946940422058105,4.254985332489014,td1,Hopper-v5,1
753664,17.397345110997378,44270,-0.030600322410464287,1.25103759765625,4.254292011260986,td1,Hopper-v5,1
770048,14.535526731691515,45171,-0.065977081656456,1.288883924484253,4.253628253936768,td1,Hopper-v5,1
786432,17.113399703376327,46066,-0.07589047402143478,1.3239781856536865,4.2529215812683105,td1,Hopper-v5,1
802816,16.707759231521848,46977,-0.05437765270471573,1.358980655670166,4.252155780792236,td1,Hopper-v5,1
819200,21.50373504198135,47829,-0.06885379552841187,1.4186562299728394,4.251377105712891,td1,Hopper-v5,1
835584,19.88160503965069,48675,-0.06076687574386597,1.455229640007019,4.250572681427002,td1,Hopper-v5,1
851968,19.242112486637346,49484,-0.07201805710792542,1.5027809143066406,4.249759197235107,td1,Hopper-v5,1
868352,23.35827076757503,50253,-0.06910336017608643,1.5180155038833618,4.248913288116455,td1,Hopper-v5,1
884736,18.57989888675535,51070,-0.058340173214673996,1.5459827184677124,4.248046398162842,td1,Hopper-v5,1
901120,19.66517088523391,51844,-0.07070936262607574,1.5856835842132568,4.2471699714660645,td1,Hopper-v5,1
917504,20.497464874549568,52562,-0.04437286779284477,1.6361149549484253,4.246264934539795,td1,Hopper-v5,1
933888,25.142028517226766,53276,-0.07037124037742615,1.6886065006256104,4.245388031005859,td1,Hopper-v5,1
950272,27.20815996739353,53988,-0.06564240157604218,1.7516191005706787,4.24448823928833,td1,Hopper-v5,1
966656,24.91850502437442,54654,-0.05974406376481056,1.7808952331542969,4.243567943572998,td1,Hopper-v5,1
983040,30.79266925492274,55305,-0.07741514593362808,1.7759672403335571,4.242641925811768,td1,Hopper-v5,1
999424,33.85224645205474,55922,-0.060614213347435,1.8499367237091064,4.241687297821045,td1,Hopper-v5,1
16384,14.568766488067785,827,-0.028782332316040993,0.4691390097141266,4.256816387176514,td1,Hopper-v5,2
32768,12.819933301226401,1652,-0.013209609314799309,0.4851660132408142,4.255916118621826,td1,Hopper-v5,2
49152,12.179041530355645,2440,-0.016345471143722534,0.521320104598999,4.255324840545654,td1,Hopper-v5,2
65536,15.058991948754748,3223,-0.018047206103801727,0.5246159434318542,4.254806995391846,td1,Hopper-v5,2
81920,12.45398603764902,4043,-0.02188964933156967,0.5590823888778687,4.254523754119873,td1,Hopper-v5,2
98304,18.19891271271545,4840,-0.038128312677145004,0.5921366214752197,4.2542338371276855,td1,Hopper-v5,2
114688,14.479111093866175,5650,-0.027436451986432076,0.5798683166503906,4.253780841827393,td1,Hopper-v5,2
131072,13.472753301034702,6502,-0.03458964824676514,0.5850094556808472,4.253296375274658,td1,Hopper-v5,2
147456,14.289240987860108,7313,-0.01861925795674324,0.6618130207061768,4.2527241706848145,td1,Hopper-v5,2
163840,15.065092969871063,8128,-0.023680463433265686,0.654236912727356,4.252185344696045,td1,Hopper-v5,2
180224,13.92526670463635,8975,-0.024818696081638336,0.6760972738265991,4.251633167266846,td1,Hopper-v5,2
196608,12.51156089517729,9840,-0.022992655634880066,0.6877079010009766,4.251136302947998,td1,Hopper-v5,2
212992,13.706516601239207,10668,-0.018446611240506172,0.7341774702072144,4.250652313232422,td1,Hopper-v5,2
229376,13.755025571358713,11508,-0.05554340034723282,0.7633447647094727,4.250224590301514,td1,Hopper-v5,2
245760,12.089341139002508,12386,-0.04282049834728241,0.7523554563522339,4.249680042266846,td1,Hopper-v5,2
262144,14.127062468843139,13229,-0.03492400422692299,0.7777108550071716,4.249072551727295,td1,Hopper-v5,2
278528,14.44765575620945,14101,-0.03237471356987953,0.8324465155601501,4.2484517097473145,td1,Hopper-v5,2
294912,12.358027756064287,14977,-0.03143788501620293,0.8434821367263794,4.247829914093018,td1,Hopper-v5,2
311296,12.777954821131841,15861,-0.0325259231030941,0.8584434986114502,4.2472004890441895,td1,Hopper-v5,2
327680,16.56042951103594,16747,-0.04078786447644234,0.8999847173690796,4.246562480926514,td1,Hopper-v5,2
344064,12.859239249841055,17687,-0.0396735742688179,0.8972965478897095,4.245883464813232,td1,Hopper-v5,2
360448,11.29682855534871,18622,-0.04715987294912338,0.9044108390808105,4.245170593261719,td1,Hopper-v5,2
376832,13.250912843476566,19528,-0.04249828681349754,0.9382083415985107,4.244431018829346,td1,Hopper-v5,2
393216,15.155878769302593,20466,-0.03390757739543915,0.9455196857452393,4.2436676025390625,td1,Hopper-v5,2
409600,11.827587574471199,21390,-0.048032425343990326,0.9636290669441223,4.242905139923096,td1,Hopper-v5,2
425984,12.635830944950863,22344,-0.04015100374817848,0.9697713851928711,4.24210786819458,td1,Hopper-v5,2
442368,11.15483089163737,23303,-0.04799015447497368,0.9875087141990662,4.241306781768799,td1,Hopper-v5,2
458752,14.174992871308755,24268,-0.04521627351641655,0.9991162419319153,4.240508556365967,td1,Hopper-v5,2
475136,12.417234779164612,25237,-0.04474003612995148,1.0085885524749756,4.2397236824035645,td1,Hopper-v5,2
491520,11.791861368723815,26207,-0.058411870151758194,1.023500680923462,4.238910675048828,td1,Hopper-v5,2
507904,11.50329737811321,27180,-0.03481251001358032,1.037742257118225,4.238051891326904,td1,Hopper-v5,2
524288,12.296940524167901,28140,-0.055390216410160065,1.046352505683899,4.237213611602783,td1,Hopper-v5,2
540672,12.830884822304425,29082,-0.05136488750576973,1.0719906091690063,4.2363362312316895,td1,Hopper-v5,2
557056,14.21308709899087,30054,-0.04230845347046852,1.086798906326294,4.235446453094482,td1,Hopper-v5,2
573440,12.344400684380503,31026,-0.05281908065080643,1.102070927619934,4.234557628631592,td1,Hopper-v5,2
589824,12.159904588241286,32003,-0.05854770168662071,1.1288917064666748,4.233654499053955,td1,Hopper-v5,2
606208,13.535040697758282,32939,-0.06145811453461647,1.1615660190582275,4.232738018035889,td1,Hopper-v5,2
622592,14.62268965539655,33874,-0.0643220990896225,1.1570918560028076,4.231799602508545,td1,Hopper-v5,2
638976,15.424098609414445,34796,-0.03909911960363388,1.2096304893493652,4.230838775634766,td1,Hopper-v5,2
655360,16.654753217943405,35720,-0.06674621999263763,1.2173315286636353,4.2299113273620605,td1,Hopper-v5,2
671744,16.270595975559615,36639,-0.04197867214679718,1.2442032098770142,4.2289509773254395,td1,Hopper-v5,2
688128,14.280167212374998,37524,-0.061754997819662094,1.2812458276748657,4.228039264678955,td1,Hopper-v5,2
704512,13.574280992046504,38383,-0.07223948836326599,1.3283398151397705,4.227123737335205,td1,Hopper-v5,2
720896,15.381005810206002,39238,-0.061183828860521317,1.3702366352081299,4.22617769241333,td1,Hopper-v5,2
737280,16.1835210780198,40089,-0.05750652775168419,1.3944733142852783,4.225231170654297,td1,Hopper-v5,2
753664,20.975549559242655,40918,-0.05404311791062355,1.4232854843139648,4.224284648895264,td1,Hopper-v5,2
770048,20.38337997146375,41705,-0.061524003744125366,1.5036733150482178,4.223351001739502,td1,Hopper-v5,2
786432,17.71253567102096,42501,-0.06599213182926178,1.502335548400879,4.222404956817627,td1,Hopper-v5,2
802816,19.152828863308475,43246,-0.07968905568122864,1.5574976205825806,4.2214436531066895,td1,Hopper-v5,2
819200,28.517731012261216,43954,-0.07179860770702362,1.621269702911377,4.2204437255859375,td1,Hopper-v5,2
835584,21.337764817158515,44675,-0.07200697809457779,1.6455587148666382,4.219433307647705,td1,Hopper-v5,2
851968,21.624921357533285,45395,-0.07947905361652374,1.6748846769332886,4.218417644500732,td1,Hopper-v5,2
868352,22.216718553277186,46081,-0.07839115709066391,1.6995958089828491,4.217376232147217,td1,Hopper-v5,2
884736,28.190393627098473,46737,-0.0920315757393837,1.7737388610839844,4.216319561004639,td1,Hopper-v5,2
901120,28.24008558611081,47358,-0.07991376519203186,1.7799255847930908,4.215225696563721,td1,Hopper-v5,2
917504,27.08261605238897,47956,-0.07080948352813721,1.8386815786361694,4.214118480682373,td1,Hopper-v5,2
933888,39.114563696923966,48536,-0.08011958003044128,1.8957009315490723,4.213009357452393,td1,Hopper-v5,2
950272,36.062319769552936,49079,-0.07173037528991699,1.952410340309143,4.211898326873779,td1,Hopper-v5,2
966656,29.219862926080914,49632,-0.07104220241308212,1.9846701622009277,4.210792064666748,td1,Hopper-v5,2
983040,43.48813252635944,50137,-0.06397055089473724,1.9704673290252686,4.209682464599609,td1,Hopper-v5,2
999424,40.77831950986552,50613,-0.09493940323591232,2.01833176612854,4.208590984344482,td1,Hopper-v5,2
16384,13.65890484950203,797,-0.017192408442497253,142.1654052734375,4.256816387176514,mc,Hopper-v5,0
32768,14.649815591693006,1586,-0.004571139812469482,144.99984741210938,4.2565155029296875,mc,Hopper-v5,0
49152,14.742923855979525,2368,-0.0020806118845939636,141.18357849121094,4.256770610809326,mc,Hopper-v5,0
65536,14.50668628580504,3145,-0.012039517983794212,147.43692016601562,4.257191181182861,mc,Hopper-v5,0
81920,17.91549713086464,3885,-0.008761942386627197,213.78712463378906,4.257282733917236,mc,Hopper-v5,0
98304,17.556180378552362,4623,-0.004241339862346649,160.52626037597656,4.257430553436279,mc,Hopper-v5,0
114688,20.577061582963193,5359,-0.0073145851492881775,251.75827026367188,4.2576518058776855,mc,Hopper-v5,0
131072,22.363216845778606,6063,0.0010491671273484826,286.6832580566406,4.2578959465026855,mc,Hopper-v5,0
147456,20.491894655971755,6766,-0.004654198884963989,192.04986572265625,4.258266925811768,mc,Hopper-v5,0
163840,21.821198793250108,7452,-0.004638671875,237.19085693359375,4.258655071258545,mc,Hopper-v5,0
180224,19.231985662845158,8115,-0.023826703429222107,309.7685546875,4.259124755859375,mc,Hopper-v5,0
196608,20.101368130230902,8783,-0.02256922796368599,333.2247619628906,4.259425640106201,mc,Hopper-v5,0
212992,23.75748205007912,9425,-0.010343365371227264,363.8663024902344,4.259616374969482,mc,Hopper-v5,0
229376,22.506605144781638,10072,-0.007014326751232147,306.079345703125,4.259788990020752,mc,Hopper-v5,0
245760,24.507689120453975,10711,-0.0012937597930431366,313.85040283203125,4.259994983673096,mc,Hopper-v5,0
262144,18.488339858314756,11329,-0.014278043061494827,330.76971435546875,4.260277271270752,mc,Hopper-v5,0
278528,34.135061934464915,11892,0.006537802517414093,516.0462036132812,4.260535717010498,mc,Hopper-v5,0
294912,30.895768945949243,12498,-0.020634379237890244,448.3686828613281,4.260864734649658,mc,Hopper-v5,0
311296,31.691058234659216,13023,-0.022644324228167534,622.7315673828125,4.26112699508667,mc,Hopper-v5,0
327680,31.33334015142175,13565,-0.006395215168595314,587.4136962890625,4.2613067626953125,mc,Hopper-v5,0
344064,32.43175294108598,14065,0.003931328654289246,665.4461059570312,4.261516094207764,mc,Hopper-v5,0
360448,37.07855365504082,14619,-0.00677693635225296,497.5736083984375,4.261825084686279,mc,Hopper-v5,0
376832,40.47096473880345,15106,-0.026407107710838318,726.964111328125,4.262157440185547,mc,Hopper-v5,0
393216,37.028300204275276,15572,0.0006141811609268188,721.3426513671875,4.262393474578857,mc,Hopper-v5,0
409600,36.60845487275915,16037,-0.012248175218701363,768.5274658203125,4.262698650360107,mc,Hopper-v5,0
425984,36.78305516401425,16481,-0.007064981386065483,854.2431640625,4.262985706329346,mc,Hopper-v5,0
442368,39.4243469746633,16942,-0.005098313093185425,860.3648681640625,4.2632904052734375,mc,Hopper-v5,0
458752,53.512671191435686,17373,-0.025104133412241936,888.0260009765625,4.263621807098389,mc,Hopper-v5,0
475136,47.60363052430425,17792,-0.020991677418351173,959.97607421875,4.263869762420654,mc,Hopper-v5,0
491520,58.365296541854434,18181,-0.028811827301979065,1019.9656372070312,4.2640604972839355,mc,Hopper-v5,0
507904,46.71134375348594,18575,-0.02432110346853733,939.6578979492188,4.264172077178955,mc,Hopper-v5,0
524288,58.584253363124446,18948,-0.010717689990997314,1047.3157958984375,4.264202117919922,mc,Hopper-v5,0
540672,61.37566835357728,19323,-0.01916854828596115,1062.23828125,4.264252185821533,mc,Hopper-v5,0
557056,56.30423878828634,19709,-0.020509816706180573,984.4329833984375,4.264275074005127,mc,Hopper-v5,0
573440,69.962940538337,20051,-0.00959918275475502,1315.9700927734375,4.264275074005127,mc,Hopper-v5,0
589824,58.321125917152,20414,-0.034009840339422226,985.0248413085938,4.264293670654297,mc,Hopper-v5,0
606208,75.59167872109612,20727,-0.01260300725698471,1402.804931640625,4.264214038848877,mc,Hopper-v5,0
622592,70.90876206307902,21051,-0.022266138345003128,1313.67041015625,4.264153003692627,mc,Hopper-v5,0
638976,79.61776895974529,21375,-0.0069487439468503,1421.1920166015625,4.2640767097473145,mc,Hopper-v5,0
655360,75.0580213550073,21696,-0.010309487581253052,1230.95166015625,4.264068126678467,mc,Hopper-v5,0
671744,85.15992349765291,22004,-0.024970225989818573,1378.1102294921875,4.2640910148620605,mc,Hopper-v5,0
688128,87.52773792622857,22305,-0.029318485409021378,1381.8538818359375,4.2640533447265625,mc,Hopper-v5,0
704512,86.43273281388706,22611,-0.039111800491809845,1339.05859375,4.263949871063232,mc,Hopper-v5,0
720896,84.33616568217421,22908,0.01563769392669201,1457.50390625,4.26375150680542,mc,Hopper-v5,0
737280,75.35120629218918,23212,-0.004829488694667816,1392.4183349609375,4.263717174530029,mc,Hopper-v5,0
753664,87.74486302333688,23506,0.01539900153875351,1385.511962890625,4.263737201690674,mc,Hopper-v5,0
770048,84.35425990474667,23801,-0.004424683749675751,1345.628662109375,4.263896942138672,mc,Hopper-v5,0
786432,90.3986790386846,24092,-0.005144968628883362,1530.6380615234375,4.2640910148620605,mc,Hopper-v5,0
802816,84.79263023937202,24385,-0.011245183646678925,1363.3870849609375,4.264312744140625,mc,Hopper-v5,0
819200,84.01402264237362,24690,-0.012169630266726017,1313.079833984375,4.264533519744873,mc,Hopper-v5,0
835584,82.07852993002639,24990,-0.010725967586040497,1365.5526123046875,4.2647480964660645,mc,Hopper-v5,0
851968,81.08929787097699,25291,-0.01894099824130535,1288.2916259765625,4.2649617195129395,mc,Hopper-v5,0
868352,86.73985503922644,25583,-0.015017863363027573,1376.91796875,4.265137195587158,mc,Hopper-v5,0
884736,93.11489955431642,25874,-0.0074506960809230804,1398.47509765625,4.265296936035156,mc,Hopper-v5,0
901120,91.0950290813582,26165,0.0007159523665904999,1428.66064453125,4.265479564666748,mc,Hopper-v5,0
917504,94.86247957346,26435,-0.010747730731964111,1448.5989990234375,4.265719890594482,mc,Hopper-v5,0
933888,93.84022338935364,26705,0.0035269632935523987,1548.98388671875,4.265960216522217,mc,Hopper-v5,0
950272,109.17773310109715,26979,-0.002406008541584015,1473.324951171875,4.266265392303467,mc,Hopper-v5,0
966656,101.83873955158553,27256,-0.012322209775447845,1502.6148681640625,4.266601085662842,mc,Hopper-v5,0
983040,98.57144881265263,27530,-0.016026543453335762,1442.3619384765625,4.266917705535889,mc,Hopper-v5,0
999424,102.5533906560359,27799,0.007919387891888618,1557.5594482421875,4.267200469970703,mc,Hopper-v5,0
16384,15.484368197485516,812,-0.009777823463082314,117.37028503417969,4.256816387176514,mc,Hopper-v5,1
32768,13.375748053957802,1616,-0.004921171814203262,143.75555419921875,4.257114887237549,mc,Hopper-v5,1
49152,15.511900520264353,2415,-0.006944719702005386,121.77263641357422,4.257747650146484,mc,Hopper-v5,1
65536,14.584366174333093,3199,-0.0008707297965884209,121.99052429199219,4.258418560028076,mc,Hopper-v5,1
81920,15.845380107872892,3955,-0.01278606802225113,128.00839233398438,4.259064197540283,mc,Hopper-v5,1
98304,19.293494871300986,4693,-0.008476242423057556,202.20654296875,4.259644031524658,mc,Hopper-v5,1
114688,15.182783630268975,5467,0.002407461404800415,142.17713928222656,4.260257244110107,mc,Hopper-v5,1
131072,20.2339891700305,6205,-0.005465938244014978,223.74835205078125,4.260856628417969,mc,Hopper-v5,1
147456,22.17478352784269,6888,-0.01005900651216507,257.97796630859375,4.26145601272583,mc,Hopper-v5,1
163840,20.97194459054459,7561,-0.001195557415485382,341.6920166015625,4.261917591094971,mc,Hopper-v5,1
180224,18.42757090527306,8231,-0.013571493327617645,241.03492736816406,4.262409687042236,mc,Hopper-v5,1
196608,17.926324845903466,8929,-0.02264171838760376,244.02655029296875,4.2628560066223145,mc,Hopper-v5,1
212992,21.828019845408193,9602,-0.02699705958366394,266.19635009765625,4.263187885284424,mc,Hopper-v5,1
229376,25.616630385414133,10230,-0.010343808680772781,425.6057434082031,4.263390064239502,mc,Hopper-v5,1
245760,23.688714961834545,10876,-0.015548067167401314,308.19085693359375,4.263607501983643,mc,Hopper-v5,1
262144,27.56465652311835,11496,-0.015699252486228943,398.40960693359375,4.263801097869873,mc,Hopper-v5,1
278528,21.296228045247744,12109,-0.03346191719174385,437.58294677734375,4.2639384269714355,mc,Hopper-v5,1
294912,23.52846738648085,12687,-0.018437564373016357,564.8341674804688,4.263927936553955,mc,Hopper-v5,1
311296,28.677324897908083,13269,-0.018493806943297386,495.5693359375,4.2639079093933105,mc,Hopper-v5,1
327680,32.25747838775519,13810,-0.022984638810157776,563.679443359375,4.263862133026123,mc,Hopper-v5,1
344064,32.61440183352476,14341,-0.02375425398349762,597.5538940429688,4.263774871826172,mc,Hopper-v5,1
360448,34.82902966956108,14865,-0.01208348199725151,620.07763671875,4.263645648956299,mc,Hopper-v5,1
376832,39.18722698836583,15371,-0.026912201195955276,683.0119018554688,4.263546466827393,mc,Hopper-v5,1
393216,39.068784242718486,15867,-0.019354477524757385,659.4630737304688,4.2633891105651855,mc,Hopper-v5,1
409600,42.04046960161291,16331,-0.04442909359931946,814.5836181640625,4.2632222175598145,mc,Hopper-v5,1
425984,41.26472535267095,16796,-0.019112790003418922,809.4238891601562,4.262924671173096,mc,Hopper-v5,1
442368,38.49934511766344,17245,-0.022248223423957825,808.3716430664062,4.262630939483643,mc,Hopper-v5,1
458752,52.52943925395835,17682,-0.04021117091178894,879.6517333984375,4.2623372077941895,mc,Hopper-v5,1
475136,45.51960752855397,18103,-0.022897683084011078,881.8865966796875,4.2619404792785645,mc,Hopper-v5,1
491520,51.70429912492764,18509,-0.01800060272216797,1070.7034912109375,4.261559009552002,mc,Hopper-v5,1
507904,44.863639129262026,18915,-0.007120318710803986,1105.103271484375,4.261192798614502,mc,Hopper-v5,1
524288,57.851933389539774,19296,-0.014522194862365723,1094.671875,4.260902404785156,mc,Hopper-v5,1
540672,52.27445843734579,19652,-0.030980214476585388,1161.5706787109375,4.2606425285339355,mc,Hopper-v5,1
557056,62.05096983262813,20025,-0.01919734477996826,1052.423095703125,4.260325908660889,mc,Hopper-v5,1
573440,58.97807065763979,20385,-0.01597471535205841,1181.7916259765625,4.260032653808594,mc,Hopper-v5,1
589824,65.3166374673201,20728,-0.03279706835746765,1419.7454833984375,4.259761333465576,mc,Hopper-v5,1
606208,73.9809112351568,21058,-0.025017673149704933,1393.9466552734375,4.2594218254089355,mc,Hopper-v5,1
622592,80.17509370060809,21375,-0.004120778292417526,1435.4681396484375,4.259064197540283,mc,Hopper-v5,1
638976,77.34487048024009,21694,-0.024266628548502922,1300.886962890625,4.258812427520752,mc,Hopper-v5,1
655360,68.25491510817014,22018,-0.027182601392269135,1309.18896484375,4.258537769317627,mc,Hopper-v5,1
671744,70.80766610456405,22334,-0.030786950141191483,1401.4189453125,4.258239269256592,mc,Hopper-v5,1
688128,73.61178080346636,22635,-0.03467034548521042,1434.65185546875,4.257922649383545,mc,Hopper-v5,1
704512,79.36950323237993,22940,-0.020898684859275818,1350.1962890625,4.257553577423096,mc,Hopper-v5,1
720896,91.1165617989211,23226,-0.012740474194288254,1588.607177734375,4.257194995880127,mc,Hopper-v5,1
737280,79.293528152952,23517,-0.0072972457855939865,1543.968994140625,4.256889343261719,mc,Hopper-v5,1
753664,91.88203467717743,23793,0.00278443843126297,1582.3038330078125,4.256653308868408,mc,Hopper-v5,1
770048,92.27151595495822,24068,-0.01018553413450718,1506.287353515625,4.256534576416016,mc,Hopper-v5,1
786432,91.02450191936863,24353,-0.01684507168829441,1546.7484130859375,4.256454944610596,mc,Hopper-v5,1
802816,97.32428738653778,24619,-0.004000239074230194,1685.5457763671875,4.256377696990967,mc,Hopper-v5,1
819200,83.22479355368355,24915,-0.005056984722614288,1296.617431640625,4.256358623504639,mc,Hopper-v5,1
835584,97.02892462529468,25172,-0.003771662712097168,1824.250244140625,4.2563934326171875,mc,Hopper-v5,1
851968,100.08984965053008,25440,-0.016010921448469162,1513.653564453125,4.2564849853515625,mc,Hopper-v5,1
868352,98.71968003912728,25709,-0.025386285036802292,1608.62109375,4.256554126739502,mc,Hopper-v5,1
884736,104.17645617295864,25958,0.00026022084057331085,1864.6285400390625,4.256568431854248,mc,Hopper-v5,1
901120,106.48185703160934,26213,-0.002919122576713562,1677.5068359375,4.256649017333984,mc,Hopper-v5,1
917504,104.37991602887058,26479,-0.011693630367517471,1555.19287109375,4.256785869598389,mc,Hopper-v5,1
933888,100.99197774862307,26723,-0.01578366756439209,1744.986328125,4.256927013397217,mc,Hopper-v5,1
950272,108.095319964075,26979,-0.009821027517318726,1621.666259765625,4.257053852081299,mc,Hopper-v5,1
966656,102.18029324686917,27235,-0.025598950684070587,1677.893798828125,4.257191181182861,mc,Hopper-v5,1
983040,111.42839126307594,27479,0.023044999688863754,1860.8773193359375,4.257270336151123,mc,Hopper-v5,1
999424,112.74377447604385,27722,0.022571828216314316,1869.949462890625,4.257519245147705,mc,Hopper-v5,1
16384,14.568766488067785,827,-0.002385605126619339,98.81227111816406,4.256816387176514,mc,Hopper-v5,2
32768,14.36725234690595,1639,-0.024841733276844025,110.37277221679688,4.257716655731201,mc,Hopper-v5,2
49152,13.413177944515368,2417,-0.0028264708817005157,132.44100952148438,4.257717609405518,mc,Hopper-v5,2
65536,16.114866619387204,3165,0.006706777960062027,130.71743774414062,4.257904052734375,mc,Hopper-v5,2
81920,15.74842316939472,3931,-0.009473316371440887,212.7012481689453,4.2583088874816895,mc,Hopper-v5,2
98304,21.486037454066896,4667,-0.011557325720787048,202.94754028320312,4.258697032928467,mc,Hopper-v5,2
114688,17.29162360987433,5407,-0.023939616978168488,219.9772186279297,4.259033679962158,mc,Hopper-v5,2
131072,15.008951280514696,6154,-0.020685115829110146,144.8824462890625,4.259239673614502,mc,Hopper-v5,2
147456,18.334711948925584,6873,0.009747680276632309,215.12899780273438,4.259376049041748,mc,Hopper-v5,2
163840,19.907467167074728,7579,-0.001364637166261673,251.28073120117188,4.2596211433410645,mc,Hopper-v5,2
180224,17.931898116998493,8262,-0.008173540234565735,272.7230224609375,4.259917736053467,mc,Hopper-v5,2
196608,18.69713713267182,8955,-0.005301564931869507,268.77252197265625,4.260238170623779,mc,Hopper-v5,2
212992,26.00816695690718,9608,-0.0021523982286453247,299.3034362792969,4.26057767868042,mc,Hopper-v5,2
229376,18.568388540174624,10252,-0.03439608961343765,321.26214599609375,4.260956287384033,mc,Hopper-v5,2
245760,24.004236731364273,10910,-0.0049714744091033936,306.591064453125,4.261168956756592,mc,Hopper-v5,2
262144,24.429490233367765,11516,-0.016396645456552505,308.7315979003906,4.261421203613281,mc,Hopper-v5,2
278528,29.224797960089386,12112,-0.0066338200122118,409.5888671875,4.261642932891846,mc,Hopper-v5,2
294912,28.997039191729385,12705,-0.02619277685880661,505.5234069824219,4.261887073516846,mc,Hopper-v5,2
311296,26.366392095894852,13291,-0.012413308024406433,394.0591125488281,4.262054920196533,mc,Hopper-v5,2
327680,39.62840922977477,13838,-0.02723175287246704,519.6005859375,4.262202739715576,mc,Hopper-v5,2
344064,28.58238639856977,14394,-0.017146728932857513,542.888916015625,4.262294292449951,mc,Hopper-v5,2
360448,25.206506363384342,14965,-0.02458684891462326,533.6970825195312,4.2623515129089355,mc,Hopper-v5,2
376832,37.416174157468625,15456,-0.017607271671295166,675.048583984375,4.262374401092529,mc,Hopper-v5,2
393216,36.57380083484316,15965,-0.016230907291173935,647.0587768554688,4.26239013671875,mc,Hopper-v5,2
409600,40.6075624248579,16447,-0.01115405187010765,737.8441772460938,4.2624125480651855,mc,Hopper-v5,2
425984,32.33621143376999,16948,-0.033942461013793945,609.77197265625,4.262454986572266,mc,Hopper-v5,2
442368,44.718837134368556,17421,-0.02640467882156372,705.5147094726562,4.262409687042236,mc,Hopper-v5,2
458752,42.398464979154866,17855,-0.01561228558421135,888.6633911132812,4.262318134307861,mc,Hopper-v5,2
475136,48.29240574883406,18278,-0.033190444111824036,862.078125,4.2622294425964355,mc,Hopper-v5,2
491520,52.7348518516841,18685,-0.02664516121149063,948.2307739257812,4.2620930671691895,mc,Hopper-v5,2
507904,55.078091172901324,19086,-0.02502390742301941,1036.4942626953125,4.261913299560547,mc,Hopper-v5,2
524288,55.51998222987791,19475,-0.041611626744270325,1101.1380615234375,4.261707782745361,mc,Hopper-v5,2
540672,57.749272930979316,19845,-0.02102268859744072,1067.0517578125,4.261398792266846,mc,Hopper-v5,2
557056,62.699023779252656,20210,-0.023393461480736732,1111.9373779296875,4.261088848114014,mc,Hopper-v5,2
573440,51.64284230416065,20585,-0.04435436427593231,1076.4141845703125,4.260765552520752,mc,Hopper-v5,2
589824,65.15636749747888,20946,-0.015298523008823395,1156.7626953125,4.260349750518799,mc,Hopper-v5,2
606208,60.10811803913484,21282,-0.01949469745159149,1103.7213134765625,4.259979724884033,mc,Hopper-v5,2
622592,70.43348231682887,21612,-0.005726836621761322,1155.3084716796875,4.2596211433410645,mc,Hopper-v5,2
638976,65.36012504617362,21946,-0.031742602586746216,1249.3226318359375,4.259338855743408,mc,Hopper-v5,2
655360,69.92254357359417,22271,-0.0016786307096481323,1184.0869140625,4.259003162384033,mc,Hopper-v5,2
671744,76.66472483066063,22582,-0.01888546347618103,1173.0087890625,4.258755207061768,mc,Hopper-v5,2
688128,78.58231201029301,22895,-0.003383234143257141,1281.9290771484375,4.258513927459717,mc,Hopper-v5,2
704512,77.51096088437329,23219,-0.01591331511735916,1122.1302490234375,4.258358478546143,mc,Hopper-v5,2
720896,89.99475854033784,23505,-0.008165918290615082,1384.037353515625,4.258216381072998,mc,Hopper-v5,2
737280,81.75699301906582,23806,-0.010066434741020203,1292.4969482421875,4.2581095695495605,mc,Hopper-v5,2
753664,84.68895221601592,24109,-0.021350573748350143,1256.44384765625,4.258040904998779,mc,Hopper-v5,2
770048,80.17078047958336,24420,-0.029739730060100555,1153.0263671875,4.257950305938721,mc,Hopper-v5,2
786432,88.9839498365574,24718,-0.012449365109205246,1292.859130859375,4.2578043937683105,mc,Hopper-v5,2
802816,88.0032699205155,25023,0.0023346636444330215,1240.3228759765625,4.257686614990234,mc,Hopper-v5,2
819200,88.025528230915,25312,0.0010419562458992004,1371.13916015625,4.257664203643799,mc,Hopper-v5,2
835584,97.46792138107641,25597,0.01589592918753624,1434.873291015625,4.257725238800049,mc,Hopper-v5,2
851968,86.3531429517404,25888,-0.01466204784810543,1392.68701171875,4.25791597366333,mc,Hopper-v5,2
868352,82.84468736487489,26179,-0.011620886623859406,1318.5496826171875,4.258087635040283,mc,Hopper-v5,2
884736,100.17715575731253,26453,-0.0034449249505996704,1436.04443359375,4.258258819580078,mc,Hopper-v5,2
901120,93.13207391872398,26737,-0.00577651709318161,1346.2593994140625,4.2584614753723145,mc,Hopper-v5,2
917504,90.84600370133198,27025,-0.006328165531158447,1403.0462646484375,4.258686542510986,mc,Hopper-v5,2
933888,91.90616836195431,27308,-0.012230023741722107,1390.02783203125,4.25892972946167,mc,Hopper-v5,2
950272,94.11500874535601,27585,-0.0053107477724552155,1527.5081787109375,4.259159564971924,mc,Hopper-v5,2
966656,97.09141208836449,27868,-0.009983398020267487,1563.7564697265625,4.25941801071167,mc,Hopper-v5,2
983040,98.5621682396661,28131,0.0038635358214378357,1623.129150390625,4.259674549102783,mc,Hopper-v5,2
999424,102.2205932523408,28402,-0.0031347572803497314,1515.6590576171875,4.25999116897583,mc,Hopper-v5,2
16384,13.65890484950203,797,-0.023903436958789825,38.0810432434082,4.256816387176514,gae,Hopper-v5,0
32768,16.022774719277383,1578,-0.005954621359705925,38.93091583251953,4.255916118621826,gae,Hopper-v5,0
49152,15.20626771637921,2357,-0.004195213317871094,40.96013641357422,4.255935192108154,gae,Hopper-v5,0
65536,14.646191094268538,3131,-0.01332920789718628,38.50673294067383,4.256000995635986,gae,Hopper-v5,0
81920,17.561734094809676,3889,-0.02204243838787079,42.697845458984375,4.255950927734375,gae,Hopper-v5,0
98304,17.858178667617718,4628,-0.00824199989438057,45.60261154174805,4.255882740020752,gae,Hopper-v5,0
114688,20.179683990798985,5353,-0.007422685623168945,52.213523864746094,4.255821704864502,gae,Hopper-v5,0
131072,20.299409419207475,6063,-0.008444597013294697,62.069190979003906,4.255889415740967,gae,Hopper-v5,0
147456,20.009311479469044,6762,-0.017342496663331985,49.91767501831055,4.25602388381958,gae,Hopper-v5,0
163840,24.86572070351596,7445,-0.0084749236702919,59.99945068359375,4.256106853485107,gae,Hopper-v5,0
180224,22.444649795909694,8100,-0.022342544049024582,69.21926879882812,4.256245136260986,gae,Hopper-v5,0
196608,20.48201513178667,8761,-0.023443453013896942,67.53055572509766,4.256309986114502,gae,Hopper-v5,0
212992,25.498434364289974,9398,-0.0024797916412353516,77.1344223022461,4.256301403045654,gae,Hopper-v5,0
229376,22.092983938609628,10049,-0.0019895173609256744,67.87164306640625,4.256378650665283,gae,Hopper-v5,0
245760,23.368276737399896,10694,-0.013393417000770569,66.35655975341797,4.256519794464111,gae,Hopper-v5,0
262144,20.57741217537459,11305,-0.019319944083690643,72.40679931640625,4.256664752960205,gae,Hopper-v5,0
278528,29.105696639092187,11888,0.01053566113114357,85.28217315673828,4.256763458251953,gae,Hopper-v5,0
294912,29.058683249090006,12488,-0.012155652046203613,81.1972427368164,4.2569804191589355,gae,Hopper-v5,0
311296,31.76104520313627,13021,-0.02109222114086151,120.36875915527344,4.2571868896484375,gae,Hopper-v5,0
327680,33.34056484375314,13564,-0.01616310514509678,112.45649719238281,4.257339954376221,gae,Hopper-v5,0
344064,30.83795281048897,14085,-0.014243695884943008,112.85431671142578,4.257469654083252,gae,Hopper-v5,0
360448,37.99500273341824,14621,-0.03414485231041908,103.05537414550781,4.257583141326904,gae,Hopper-v5,0
376832,35.42937167819313,15121,-0.033641815185546875,113.86003112792969,4.257561206817627,gae,Hopper-v5,0
393216,37.773760417283114,15588,-0.004910308867692947,129.40635681152344,4.257446765899658,gae,Hopper-v5,0
409600,39.085424015012315,16056,-0.01986372470855713,143.00730895996094,4.2574005126953125,gae,Hopper-v5,0
425984,35.63328911231625,16514,-0.024656109511852264,128.47149658203125,4.257331848144531,gae,Hopper-v5,0
442368,41.345631216159816,16973,-0.02595221996307373,141.1455535888672,4.257217884063721,gae,Hopper-v5,0
458752,50.83490410381659,17403,-0.031427595764398575,156.70849609375,4.257083892822266,gae,Hopper-v5,0
475136,43.02206296879051,17826,-0.028045710176229477,150.899658203125,4.256889820098877,gae,Hopper-v5,0
491520,54.35302002110857,18220,-0.04435451328754425,172.92990112304688,4.256680011749268,gae,Hopper-v5,0
507904,53.31402908402635,18610,-0.026985909789800644,169.48545837402344,4.256389141082764,gae,Hopper-v5,0
524288,59.873172762670336,18991,-0.01943175308406353,168.90235900878906,4.256069183349609,gae,Hopper-v5,0
540672,58.81136870791466,19359,-0.02725713700056076,184.11602783203125,4.2557902336120605,gae,Hopper-v5,0
557056,55.25193696815913,19734,-0.021529264748096466,186.3123016357422,4.255496978759766,gae,Hopper-v5,0
573440,70.75902112675494,20075,-0.017912503331899643,205.8136444091797,4.255203723907471,gae,Hopper-v5,0
589824,62.438456152827904,20440,-0.03835539147257805,183.81549072265625,4.254912853240967,gae,Hopper-v5,0
606208,78.29580038030035,20747,-0.02082941122353077,219.3191375732422,4.254546642303467,gae,Hopper-v5,0
622592,78.02723091260076,21073,-0.018494248390197754,207.7316131591797,4.2541890144348145,gae,Hopper-v5,0
638976,79.38643924784809,21397,-0.006206080317497253,211.83656311035156,4.253852367401123,gae,Hopper-v5,0
655360,81.85143267765282,21708,-0.01347881555557251,215.0369110107422,4.253597736358643,gae,Hopper-v5,0
671744,84.3949887376284,22017,-0.027091413736343384,222.13088989257812,4.253386974334717,gae,Hopper-v5,0
688128,79.34081547718722,22337,-0.03645453602075577,221.9413299560547,4.253142833709717,gae,Hopper-v5,0
704512,87.1726594502262,22652,-0.045253925025463104,210.63720703125,4.2528300285339355,gae,Hopper-v5,0
720896,88.94787021805016,22952,-0.019575495272874832,236.8386688232422,4.252440929412842,gae,Hopper-v5,0
737280,80.48227386133361,23263,-0.017609838396310806,224.03118896484375,4.2520833015441895,gae,Hopper-v5,0
753664,94.00489995217731,23551,-0.02968251332640648,230.38009643554688,4.251746654510498,gae,Hopper-v5,0
770048,85.74976968229244,23852,-0.03271390125155449,224.26242065429688,4.251372814178467,gae,Hopper-v5,0
786432,94.44697788754951,24146,0.0003811568021774292,231.90850830078125,4.250941753387451,gae,Hopper-v5,0
802816,89.0627580397475,24440,-0.018279094249010086,234.08367919921875,4.250614643096924,gae,Hopper-v5,0
819200,95.8059266103009,24726,-0.025160640478134155,220.29409790039062,4.250308513641357,gae,Hopper-v5,0
835584,86.15822524854607,25019,-0.014188367873430252,239.38125610351562,4.249999523162842,gae,Hopper-v5,0
851968,84.676775346649,25321,-0.021857354789972305,227.605712890625,4.249725818634033,gae,Hopper-v5,0
868352,90.16862936627314,25607,-0.04226114973425865,238.239990234375,4.249439716339111,gae,Hopper-v5,0
884736,89.06576636111791,25904,-0.02453172206878662,227.677734375,4.24906587600708,gae,Hopper-v5,0
901120,94.79554286557739,26193,-0.023529063910245895,238.09800720214844,4.248691082000732,gae,Hopper-v5,0
917504,91.28052176858249,26471,-0.003797212615609169,251.29527282714844,4.248305797576904,gae,Hopper-v5,0
933888,100.95552400486785,26738,-0.021053839474916458,250.72886657714844,4.248015880584717,gae,Hopper-v5,0
950272,106.10893780154557,27019,-0.010114885866641998,246.25550842285156,4.2477192878723145,gae,Hopper-v5,0
966656,99.97841990327396,27301,-0.028327777981758118,251.7632293701172,4.247474193572998,gae,Hopper-v5,0
983040,96.65527425112526,27577,-0.013304091989994049,241.59051513671875,4.2471923828125,gae,Hopper-v5,0
999424,104.28397623559658,27853,-0.008008614182472229,253.41102600097656,4.246955394744873,gae,Hopper-v5,0
16384,15.484368197485516,812,-0.011465335264801979,37.516414642333984,4.256816387176514,gae,Hopper-v5,1
32768,13.398606090592214,1615,-0.003296785056591034,40.29787063598633,4.256515979766846,gae,Hopper-v5,1
49152,14.472375677761088,2411,-0.006371673196554184,35.9832763671875,4.257004261016846,gae,Hopper-v5,1
65536,14.513151067145456,3196,-0.0066269272938370705,37.83297348022461,4.257548809051514,gae,Hopper-v5,1
81920,15.513771624309207,3956,-0.008634839206933975,36.170555114746094,4.257972240447998,gae,Hopper-v5,1
98304,18.4971822687862,4682,-0.005819316953420639,46.66289138793945,4.258430004119873,gae,Hopper-v5,1
114688,16.325606492752755,5462,-0.004037976264953613,39.8076057434082,4.2589192390441895,gae,Hopper-v5,1
131072,16.45108564506431,6202,-0.0036882348358631134,52.49394226074219,4.259425640106201,gae,Hopper-v5,1
147456,19.108075943817106,6885,-0.0013649854809045792,55.40559768676758,4.259917736053467,gae,Hopper-v5,1
163840,18.40427578810685,7559,0.004522919654846191,62.91716003417969,4.260433673858643,gae,Hopper-v5,1
180224,19.95897714072409,8222,-0.009293746203184128,55.08365249633789,4.261021137237549,gae,Hopper-v5,1
196608,17.601180119308175,8921,-0.02133794128894806,49.5568962097168,4.261585235595703,gae,Hopper-v5,1
212992,22.32792598891599,9583,-0.02688244730234146,63.51136016845703,4.2620391845703125,gae,Hopper-v5,1
229376,24.457917344927836,10212,-0.013120733201503754,73.068603515625,4.26234769821167,gae,Hopper-v5,1
245760,24.076196952173724,10851,-0.005359908565878868,72.35430145263672,4.262633800506592,gae,Hopper-v5,1
262144,25.612900828523284,11464,-0.01906142570078373,73.7729263305664,4.262938976287842,gae,Hopper-v5,1
278528,21.262013691102357,12074,-0.02761576697230339,81.97330474853516,4.263171672821045,gae,Hopper-v5,1
294912,23.818299366258216,12661,-0.012967854738235474,92.19829559326172,4.2632975578308105,gae,Hopper-v5,1
311296,27.640198059350613,13225,-0.03543240204453468,98.29932403564453,4.2634196281433105,gae,Hopper-v5,1
327680,32.30266645672407,13744,-0.019133999943733215,115.74331665039062,4.263404369354248,gae,Hopper-v5,1
344064,30.382781201591246,14270,-0.02459091693162918,104.50590515136719,4.263366222381592,gae,Hopper-v5,1
360448,35.22235533674193,14780,-0.023176738992333412,114.79051208496094,4.263271331787109,gae,Hopper-v5,1
376832,32.709746533936816,15295,-0.03432570397853851,111.9494857788086,4.263138294219971,gae,Hopper-v5,1
393216,42.61945888568621,15794,-0.03472200781106949,123.65626525878906,4.262932300567627,gae,Hopper-v5,1
409600,37.07997865972558,16254,-0.036783263087272644,135.33006286621094,4.262637615203857,gae,Hopper-v5,1
425984,39.505735067235626,16710,-0.0271352156996727,139.2672119140625,4.262257099151611,gae,Hopper-v5,1
442368,45.84928596984824,17141,-0.028444908559322357,140.5644989013672,4.2618489265441895,gae,Hopper-v5,1
458752,54.32693889984488,17569,-0.037654682993888855,153.94003295898438,4.261420726776123,gae,Hopper-v5,1
475136,44.72448339481961,18007,-0.013562584295868874,145.89822387695312,4.260925769805908,gae,Hopper-v5,1
491520,51.653854313322675,18416,-0.013315990567207336,163.679931640625,4.260486125946045,gae,Hopper-v5,1
507904,41.876942146896205,18828,-0.035260505974292755,161.92108154296875,4.260097026824951,gae,Hopper-v5,1
524288,58.10878715199685,19198,-0.02156504988670349,180.84228515625,4.259647369384766,gae,Hopper-v5,1
540672,53.98330442043559,19560,-0.026436839252710342,176.83714294433594,4.2592082023620605,gae,Hopper-v5,1
557056,63.953759269723015,19912,-0.029141739010810852,188.46817016601562,4.2587504386901855,gae,Hopper-v5,1
573440,58.665732978861364,20267,-0.02536162920296192,192.3042449951172,4.258270740509033,gae,Hopper-v5,1
589824,65.46149085394484,20616,-0.03130573779344559,196.96136474609375,4.257786273956299,gae,Hopper-v5,1
606208,66.32612666287883,20952,-0.03387442231178284,198.81927490234375,4.257270812988281,gae,Hopper-v5,1
622592,70.17850299399724,21287,-0.024688534438610077,201.37823486328125,4.256740570068359,gae,Hopper-v5,1
638976,78.02939837709707,21602,-0.028008446097373962,214.2653350830078,4.2562174797058105,gae,Hopper-v5,1
655360,79.68418865516874,21905,-0.01641911268234253,220.4786834716797,4.255691051483154,gae,Hopper-v5,1
671744,73.76552788684154,22217,-0.027117613703012466,221.1918487548828,4.255207538604736,gae,Hopper-v5,1
688128,67.2736296933086,22531,-0.032395750284194946,211.888671875,4.254715442657471,gae,Hopper-v5,1
704512,82.74932764398771,22835,-0.03651466965675354,225.88438415527344,4.2542338371276855,gae,Hopper-v5,1
720896,98.29804375559321,23112,-0.020776210352778435,246.42901611328125,4.253707408905029,gae,Hopper-v5,1
737280,91.91815931907098,23385,-0.026433296501636505,245.41336059570312,4.2531962394714355,gae,Hopper-v5,1
753664,92.12770158097733,23665,-0.0005826801061630249,241.5323486328125,4.2526774406433105,gae,Hopper-v5,1
770048,102.36041807016754,23922,-0.019366947934031487,253.36639404296875,4.252288341522217,gae,Hopper-v5,1
786432,94.75476133611178,24200,-0.04084900766611099,248.19432067871094,4.251904010772705,gae,Hopper-v5,1
802816,105.56200269030849,24472,-0.006863061338663101,252.78086853027344,4.25144624710083,gae,Hopper-v5,1
819200,89.33280504384962,24762,-0.02682514488697052,239.71192932128906,4.2510762214660645,gae,Hopper-v5,1
835584,106.91569316659928,25023,-0.018963277339935303,267.85650634765625,4.250686168670654,gae,Hopper-v5,1
851968,103.8569096414884,25288,-0.02222592383623123,253.595703125,4.250305652618408,gae,Hopper-v5,1
868352,104.19104516090633,25551,-0.035769108682870865,249.3495330810547,4.249934673309326,gae,Hopper-v5,1
884736,102.19399823941767,25809,-0.012007780373096466,259.3318786621094,4.249500751495361,gae,Hopper-v5,1
901120,109.51776094486112,26060,-0.007324011996388435,256.49444580078125,4.2491230964660645,gae,Hopper-v5,1
917504,95.05406037280508,26331,-0.004654380492866039,253.6221923828125,4.24882173538208,gae,Hopper-v5,1
933888,104.98300111930645,26582,-0.008859068155288696,268.7423095703125,4.248600006103516,gae,Hopper-v5,1
950272,105.58000478012639,26841,-0.019413283094763756,252.2825164794922,4.248424053192139,gae,Hopper-v5,1
966656,104.6104005974095,27092,-0.037329502403736115,268.65283203125,4.248237133026123,gae,Hopper-v5,1
983040,109.66650348386736,27348,-0.006180267781019211,255.27078247070312,4.247954845428467,gae,Hopper-v5,1
999424,116.44713739569421,27601,0.01058444194495678,282.8292236328125,4.2477498054504395,gae,Hopper-v5,1
16384,14.568766488067785,827,-0.007170375436544418,31.85012435913086,4.256816387176514,gae,Hopper-v5,2
32768,14.374099638821956,1645,-0.022977817803621292,30.599973678588867,4.257114887237549,gae,Hopper-v5,2
49152,13.424230247311119,2422,-0.004540495574474335,38.99879455566406,4.257080078125,gae,Hopper-v5,2
65536,17.388614443564354,3169,0.0020072609186172485,40.715660095214844,4.257297992706299,gae,Hopper-v5,2
81920,16.9831520841429,3917,-0.009600624442100525,51.663597106933594,4.257716655731201,gae,Hopper-v5,2
98304,20.892453031659453,4641,-0.009076468646526337,51.10921859741211,4.258132457733154,gae,Hopper-v5,2
114688,17.926865121395416,5378,-0.013227727264165878,54.41362762451172,4.258446216583252,gae,Hopper-v5,2
131072,15.250836017286355,6139,-0.025254223495721817,38.625179290771484,4.2586822509765625,gae,Hopper-v5,2
147456,16.69656192617902,6861,-0.004456311464309692,52.288185119628906,4.258793354034424,gae,Hopper-v5,2
163840,18.688947224686643,7564,-0.001710355281829834,58.26295471191406,4.258922576904297,gae,Hopper-v5,2
180224,17.476990964942686,8261,-0.00029613077640533447,60.352054595947266,4.259101390838623,gae,Hopper-v5,2
196608,18.885437908223928,8959,-0.008519098162651062,57.216636657714844,4.259365081787109,gae,Hopper-v5,2
212992,23.243924513328057,9601,-0.01564742997288704,67.65151977539062,4.259635925292969,gae,Hopper-v5,2
229376,18.86653134568088,10260,-0.02633749321103096,57.93042755126953,4.2598795890808105,gae,Hopper-v5,2
245760,22.21030005188438,10914,-0.0115862637758255,70.05390167236328,4.259994983673096,gae,Hopper-v5,2
262144,25.47935326629111,11533,-0.018674440681934357,72.61548614501953,4.260127544403076,gae,Hopper-v5,2
278528,26.69260506501964,12146,-0.006138518452644348,79.82476806640625,4.260212421417236,gae,Hopper-v5,2
294912,28.263106842107945,12726,-0.029862582683563232,94.88645935058594,4.260356426239014,gae,Hopper-v5,2
311296,27.049658869232744,13300,-0.018344804644584656,90.43094635009766,4.260390758514404,gae,Hopper-v5,2
327680,39.16283080894024,13862,-0.02033228799700737,93.08435821533203,4.260383605957031,gae,Hopper-v5,2
344064,26.718798581031724,14417,-0.026041269302368164,97.72591400146484,4.260349750518799,gae,Hopper-v5,2
360448,32.01101961278761,14969,-0.024280712008476257,105.38703155517578,4.260264873504639,gae,Hopper-v5,2
376832,39.344632367388115,15465,-0.02805383875966072,116.76507568359375,4.260146617889404,gae,Hopper-v5,2
393216,37.55750798681048,15978,-0.029566632583737373,113.74927520751953,4.259974956512451,gae,Hopper-v5,2
409600,39.706748691954374,16456,-0.011255625635385513,133.63925170898438,4.259742259979248,gae,Hopper-v5,2
425984,32.13566019238769,16957,-0.05112622678279877,117.28435516357422,4.259555339813232,gae,Hopper-v5,2
442368,44.967181038426745,17421,-0.022088244557380676,145.4021759033203,4.259223461151123,gae,Hopper-v5,2
458752,44.61193961325759,17840,-0.018548406660556793,160.59910583496094,4.258887767791748,gae,Hopper-v5,2
475136,53.62033248032991,18241,-0.03290277719497681,166.61465454101562,4.258575916290283,gae,Hopper-v5,2
491520,62.57399190693845,18614,-0.0341004878282547,181.88787841796875,4.258213520050049,gae,Hopper-v5,2
507904,51.648199691570944,19015,-0.03791417181491852,172.72329711914062,4.257801532745361,gae,Hopper-v5,2
524288,54.37923577120378,19392,-0.0474904365837574,178.95022583007812,4.257350444793701,gae,Hopper-v5,2
540672,60.31846660215046,19762,-0.03775179386138916,187.75926208496094,4.25681734085083,gae,Hopper-v5,2
557056,62.73061961919365,20126,-0.03300253301858902,188.62936401367188,4.2562336921691895,gae,Hopper-v5,2
573440,53.58943717698257,20505,-0.04506372660398483,184.75161743164062,4.255638122558594,gae,Hopper-v5,2
589824,70.04590844882709,20849,-0.034711919724941254,200.29794311523438,4.254978656768799,gae,Hopper-v5,2
606208,67.72588214303357,21176,-0.001005777157843113,215.00819396972656,4.254306793212891,gae,Hopper-v5,2
622592,75.04330551514077,21506,-0.00012495741248130798,194.83998107910156,4.253760814666748,gae,Hopper-v5,2
638976,66.38658557960747,21844,-0.03931167349219322,197.88156127929688,4.253330230712891,gae,Hopper-v5,2
655360,74.22094459774347,22163,-0.02289540320634842,213.46322631835938,4.252845287322998,gae,Hopper-v5,2
671744,82.1174613757135,22470,-0.03135335445404053,217.75608825683594,4.252373218536377,gae,Hopper-v5,2
688128,75.47157748526766,22779,-0.027719669044017792,199.8584442138672,4.251884460449219,gae,Hopper-v5,2
704512,73.70101971838864,23109,-0.022190749645233154,205.329345703125,4.2513957023620605,gae,Hopper-v5,2
720896,86.02054462609475,23408,-0.012539144605398178,218.00238037109375,4.250916004180908,gae,Hopper-v5,2
737280,89.0924791924091,23700,-0.029823847115039825,230.59719848632812,4.250500202178955,gae,Hopper-v5,2
753664,87.10294076287781,23989,-0.014192513190209866,231.43496704101562,4.250056743621826,gae,Hopper-v5,2
770048,85.67767505218534,24294,-0.009660571813583374,223.46192932128906,4.249657154083252,gae,Hopper-v5,2
786432,90.12707514515365,24595,-0.028646886348724365,228.1382293701172,4.249324321746826,gae,Hopper-v5,2
802816,95.82291713919727,24898,-0.016861993819475174,225.4698028564453,4.248961925506592,gae,Hopper-v5,2
819200,96.79627728797499,25184,-0.016426939517259598,234.53509521484375,4.248623371124268,gae,Hopper-v5,2
835584,85.02233987322506,25483,-0.009153226390480995,219.65371704101562,4.248321056365967,gae,Hopper-v5,2
851968,85.49693955027996,25782,-0.017618749290704727,231.5693817138672,4.248069763183594,gae,Hopper-v5,2
868352,90.00670884462782,26068,-0.01137443445622921,238.08551025390625,4.247828960418701,gae,Hopper-v5,2
884736,86.94352412072305,26356,6.880611181259155e-05,226.63133239746094,4.247623920440674,gae,Hopper-v5,2
901120,90.9995875794114,26659,-0.01387476921081543,227.41107177734375,4.247500896453857,gae,Hopper-v5,2
917504,89.59221332591117,26945,-0.016115307807922363,238.4193115234375,4.247390270233154,gae,Hopper-v5,2
933888,89.68056725362639,27243,-0.027509160339832306,236.89918518066406,4.247283458709717,gae,Hopper-v5,2
950272,87.61237626911935,27536,-0.001984432339668274,229.32215881347656,4.247131824493408,gae,Hopper-v5,2
966656,94.663117078486,27832,-0.013706456869840622,233.60678100585938,4.247054576873779,gae,Hopper-v5,2
983040,98.34591220657954,28107,-0.013147149235010147,247.52369689941406,4.246986389160156,gae,Hopper-v5,2
999424,101.95330374357387,28384,-0.007200460880994797,246.47901916503906,4.2469329833984375,gae,Hopper-v5,2
16384,-1.4821161221058505,842,0.018591836094856262,0.481184720993042,8.513632774353027,td1,Walker2d-v5,0
32768,-1.36699775931721,1682,-0.002491077408194542,0.4445299506187439,8.515433311462402,td1,Walker2d-v5,0
49152,-0.5659227537762601,2539,-0.008968338370323181,0.39828288555145264,8.5169677734375,td1,Walker2d-v5,0
65536,-0.2419791182233922,3368,0.008904222398996353,0.3889445662498474,8.518403053283691,td1,Walker2d-v5,0
81920,-0.08860860664381356,4177,-0.01663127727806568,0.3687589466571808,8.519790649414062,td1,Walker2d-v5,0
98304,0.45802358607187527,4988,-0.004389483481645584,0.3595415949821472,8.520880699157715,td1,Walker2d-v5,0
114688,0.07490153315484085,5791,-0.0038939137011766434,0.3586692214012146,8.521965980529785,td1,Walker2d-v5,0
131072,0.5035173517813667,6585,-0.003461824730038643,0.36446240544319153,8.523003578186035,td1,Walker2d-v5,0
147456,0.13543058820241277,7375,0.011127257719635963,0.3501928448677063,8.524100303649902,td1,Walker2d-v5,0
163840,-0.8861411617707441,8173,-0.025592263787984848,0.36915773153305054,8.525214195251465,td1,Walker2d-v5,0
180224,0.24906910149724745,8942,-0.010096475481987,0.37103989720344543,8.526167869567871,td1,Walker2d-v5,0
196608,0.5186761557947438,9711,-0.00037319306284189224,0.36960089206695557,8.527098655700684,td1,Walker2d-v5,0
212992,0.2343001320453375,10478,-0.00779356062412262,0.3746309280395508,8.528053283691406,td1,Walker2d-v5,0
229376,-0.8177991316002706,11203,-0.004774648696184158,0.38847973942756653,8.52901554107666,td1,Walker2d-v5,0
245760,0.4173207014950889,11948,0.013786612078547478,0.38587701320648193,8.529952049255371,td1,Walker2d-v5,0
262144,-0.09877352273195181,12657,0.006898259744048119,0.38505852222442627,8.530938148498535,td1,Walker2d-v5,0
278528,0.6481804980560257,13383,-0.004112958908081055,0.391569048166275,8.531960487365723,td1,Walker2d-v5,0
294912,0.8563876390417983,14100,-0.010542402043938637,0.3917335271835327,8.532944679260254,td1,Walker2d-v5,0
311296,-1.4471699817586698,14804,0.0048763444647192955,0.3959014415740967,8.53391170501709,td1,Walker2d-v5,0
327680,0.8265855416200023,15507,-0.00820843130350113,0.4019295573234558,8.534858703613281,td1,Walker2d-v5,0
344064,0.34472813426135646,16195,-0.0009010005742311478,0.40336722135543823,8.535737037658691,td1,Walker2d-v5,0
360448,2.857848818512106,16867,0.0022723637521266937,0.4088813066482544,8.536591529846191,td1,Walker2d-v5,0
376832,0.25537696206561905,17545,-0.013056205585598946,0.3918808102607727,8.537459373474121,td1,Walker2d-v5,0
393216,1.8791730457401505,18194,-0.015560559928417206,0.40145114064216614,8.53824520111084,td1,Walker2d-v5,0
409600,1.2895673607164801,18843,-0.012772103771567345,0.3970518410205841,8.53896427154541,td1,Walker2d-v5,0
425984,2.7392202983609697,19488,-0.019997207447886467,0.3990701138973236,8.539620399475098,td1,Walker2d-v5,0
442368,1.7412264971085876,20107,-0.02467331290245056,0.3848002851009369,8.540244102478027,td1,Walker2d-v5,0
458752,2.82898482870549,20723,-0.046123750507831573,0.38419485092163086,8.540801048278809,td1,Walker2d-v5,0
475136,3.2153251240893503,21325,-0.031293582171201706,0.3847789764404297,8.541228294372559,td1,Walker2d-v5,0
491520,2.358917221079096,21950,-0.04476398974657059,0.3767290711402893,8.541594505310059,td1,Walker2d-v5,0
507904,3.568190421602858,22550,-0.05621754378080368,0.36461812257766724,8.541869163513184,td1,Walker2d-v5,0
524288,3.920367033353716,23146,-0.043793871998786926,0.36519402265548706,8.542037010192871,td1,Walker2d-v5,0
540672,3.596144766396339,23704,-0.04739056155085564,0.3473847508430481,8.542160987854004,td1,Walker2d-v5,0
557056,5.032299429867467,24260,-0.03396835923194885,0.3429485559463501,8.542229652404785,td1,Walker2d-v5,0
573440,4.70646924433568,24810,-0.04381420090794563,0.3403845429420471,8.542275428771973,td1,Walker2d-v5,0
589824,4.982322577479778,25339,-0.02180798351764679,0.3264816999435425,8.54227352142334,td1,Walker2d-v5,0
606208,7.531068402792988,25865,-0.05613065883517265,0.3270609676837921,8.542290687561035,td1,Walker2d-v5,0
622592,6.658578650766203,26374,-0.07536588609218597,0.32725968956947327,8.542237281799316,td1,Walker2d-v5,0
638976,8.90013683707304,26857,-0.0656048133969307,0.32887399196624756,8.542098045349121,td1,Walker2d-v5,0
655360,5.927343158000867,27335,-0.06698986142873764,0.3231673836708069,8.541909217834473,td1,Walker2d-v5,0
671744,5.536061202509785,27819,-0.08455326408147812,0.30961593985557556,8.541648864746094,td1,Walker2d-v5,0
688128,8.017891834832005,28271,-0.07273294031620026,0.3181227743625641,8.541289329528809,td1,Walker2d-v5,0
704512,9.264726161497714,28706,-0.08209983259439468,0.3244008421897888,8.540831565856934,td1,Walker2d-v5,0
720896,10.376603157112202,29127,-0.07077647745609283,0.3192337155342102,8.540312767028809,td1,Walker2d-v5,0
737280,9.56478963776718,29546,-0.1082162857055664,0.3198736011981964,8.539748191833496,td1,Walker2d-v5,0
753664,6.553996066805452,29945,-0.08362558484077454,0.31960421800613403,8.539071083068848,td1,Walker2d-v5,0
770048,10.037570189101105,30327,-0.0874485969543457,0.329992413520813,8.538346290588379,td1,Walker2d-v5,0
786432,8.423824053216787,30723,-0.11489211022853851,0.32666000723838806,8.537568092346191,td1,Walker2d-v5,0
802816,10.999348778151868,31097,-0.1089351624250412,0.32282158732414246,8.536659240722656,td1,Walker2d-v5,0
819200,10.049053742480893,31455,-0.10578786581754684,0.33291125297546387,8.535636901855469,td1,Walker2d-v5,0
835584,13.8140191236892,31805,-0.08848276734352112,0.3503672182559967,8.534537315368652,td1,Walker2d-v5,0
851968,14.991244265471074,32126,-0.12710192799568176,0.36114823818206787,8.53341007232666,td1,Walker2d-v5,0
868352,13.479039789936222,32457,-0.09742511808872223,0.3403918743133545,8.532195091247559,td1,Walker2d-v5,0
884736,14.792149437464712,32769,-0.09576404094696045,0.37452369928359985,8.530929565429688,td1,Walker2d-v5,0
901120,13.866272192725832,33073,-0.0808807909488678,0.3658972978591919,8.529655456542969,td1,Walker2d-v5,0
917504,13.747596560707539,33359,-0.11095282435417175,0.37043076753616333,8.528380393981934,td1,Walker2d-v5,0
933888,17.105412422250755,33629,-0.11666258424520493,0.3882087469100952,8.527009010314941,td1,Walker2d-v5,0
950272,12.82294149896071,33898,-0.12730684876441956,0.40226060152053833,8.525565147399902,td1,Walker2d-v5,0
966656,18.4644851601314,34150,-0.14100158214569092,0.4562000036239624,8.524031639099121,td1,Walker2d-v5,0
983040,18.549076563568796,34394,-0.1412377953529358,0.42369067668914795,8.52239990234375,td1,Walker2d-v5,0
999424,20.691951274986994,34630,-0.11552399396896362,0.4268261194229126,8.520699501037598,td1,Walker2d-v5,0
16384,-1.5074501740061215,842,-0.005517968907952309,0.4402776062488556,8.513632774353027,td1,Walker2d-v5,1
32768,-0.2590133893256698,1683,-0.007858740165829659,0.39864492416381836,8.514229774475098,td1,Walker2d-v5,1
49152,-1.1316780465317289,2503,-0.010426459833979607,0.3458297550678253,8.515053749084473,td1,Walker2d-v5,1
65536,-0.6469071775519201,3329,-0.006736228242516518,0.31648772954940796,8.515753746032715,td1,Walker2d-v5,1
81920,0.012770576727666474,4157,-0.018828462809324265,0.29605090618133545,8.516341209411621,td1,Walker2d-v5,1
98304,-0.407316559734932,4997,-0.020114585757255554,0.2750944495201111,8.517005920410156,td1,Walker2d-v5,1
114688,0.2858440580278285,5839,-0.012128150090575218,0.26786214113235474,8.517623901367188,td1,Walker2d-v5,1
131072,0.21666249513454722,6660,-0.03157822787761688,0.28175756335258484,8.518272399902344,td1,Walker2d-v5,1
147456,0.07857473501617285,7493,-0.0032905396074056625,0.2888473570346832,8.518814086914062,td1,Walker2d-v5,1
163840,-0.45188490034068507,8302,0.000507451593875885,0.3065313994884491,8.519425392150879,td1,Walker2d-v5,1
180224,0.04328558194872785,9118,-0.00263131782412529,0.3200427293777466,8.520071983337402,td1,Walker2d-v5,1
196608,-0.6376499587254132,9928,0.004878805950284004,0.3491312861442566,8.520736694335938,td1,Walker2d-v5,1
212992,-0.48964209315706225,10717,0.008643059059977531,0.36584800481796265,8.52146053314209,td1,Walker2d-v5,1
229376,-0.00701394484549267,11504,-0.00363781675696373,0.3793901801109314,8.522263526916504,td1,Walker2d-v5,1
245760,-0.505753177787793,12292,0.003325182944536209,0.39165571331977844,8.5230712890625,td1,Walker2d-v5,1
262144,1.003681196020166,13053,0.01796061173081398,0.4021190404891968,8.523894309997559,td1,Walker2d-v5,1
278528,1.998140132754869,13817,-0.012131016701459885,0.40903112292289734,8.524779319763184,td1,Walker2d-v5,1
294912,0.17773410822828628,14559,-0.005060370080173016,0.40850722789764404,8.525618553161621,td1,Walker2d-v5,1
311296,1.3991577817397356,15324,-0.0156913660466671,0.3981594741344452,8.526436805725098,td1,Walker2d-v5,1
327680,-0.33758761460016923,16058,-0.00792437419295311,0.4094838500022888,8.527207374572754,td1,Walker2d-v5,1
344064,2.104409875838551,16774,-0.023874912410974503,0.41521155834198,8.527955055236816,td1,Walker2d-v5,1
360448,1.4237550671212091,17488,-0.01526731438934803,0.40115708112716675,8.528626441955566,td1,Walker2d-v5,1
376832,1.373073489734245,18197,-0.026856401935219765,0.4027300477027893,8.529257774353027,td1,Walker2d-v5,1
393216,2.3607051176296263,18893,-0.030575739219784737,0.4068431258201599,8.529816627502441,td1,Walker2d-v5,1
409600,2.092308610948629,19575,0.006702320650219917,0.3965277671813965,8.530295372009277,td1,Walker2d-v5,1
425984,3.617210721038845,20255,-0.03232578560709953,0.40825992822647095,8.530814170837402,td1,Walker2d-v5,1
442368,2.988830416815725,20921,-0.01394852064549923,0.37773987650871277,8.531266212463379,td1,Walker2d-v5,1
458752,1.0837138219852114,21586,-0.03676100820302963,0.3758452236652374,8.531716346740723,td1,Walker2d-v5,1
475136,2.928447764258245,22220,-0.032977089285850525,0.3656085729598999,8.532105445861816,td1,Walker2d-v5,1
491520,3.86549359879799,22841,-0.008509371429681778,0.3825894594192505,8.532464027404785,td1,Walker2d-v5,1
507904,2.89383787343408,23459,-0.037450097501277924,0.36129632592201233,8.532829284667969,td1,Walker2d-v5,1
524288,3.7581174735701843,24081,-0.05113481730222702,0.3525819778442383,8.533150672912598,td1,Walker2d-v5,1
540672,4.966881983461934,24697,-0.07254184782505035,0.3502201437950134,8.533402442932129,td1,Walker2d-v5,1
557056,3.8253136625822335,25291,-0.053535621613264084,0.3400691747665405,8.533576011657715,td1,Walker2d-v5,1
573440,3.547774822062057,25879,-0.06814080476760864,0.34136468172073364,8.533690452575684,td1,Walker2d-v5,1
589824,5.519008789949656,26454,-0.054832227528095245,0.3298211097717285,8.53372859954834,td1,Walker2d-v5,1
606208,5.485223542641098,27009,-0.048273369669914246,0.32687538862228394,8.533692359924316,td1,Walker2d-v5,1
622592,6.755016164129869,27545,-0.05809992179274559,0.3264918029308319,8.533622741699219,td1,Walker2d-v5,1
638976,6.443960248532709,28083,-0.06568653136491776,0.3261401057243347,8.53348445892334,td1,Walker2d-v5,1
655360,7.4913724407939135,28595,-0.06956232339143753,0.32227495312690735,8.533272743225098,td1,Walker2d-v5,1
671744,7.504508358905125,29106,-0.09214077889919281,0.32291507720947266,8.53298282623291,td1,Walker2d-v5,1
688128,6.4910997344237895,29607,-0.10711073130369186,0.31601619720458984,8.53255558013916,td1,Walker2d-v5,1
704512,8.766824304606883,30088,-0.08090107142925262,0.3287853002548218,8.531981468200684,td1,Walker2d-v5,1
720896,8.519472260773473,30557,-0.07064934819936752,0.3291696310043335,8.531311988830566,td1,Walker2d-v5,1
737280,8.19841239619843,31040,-0.10485954582691193,0.3240196704864502,8.530600547790527,td1,Walker2d-v5,1
753664,10.634542894984422,31488,-0.10515033453702927,0.3387695848941803,8.529753684997559,td1,Walker2d-v5,1
770048,10.308547650022582,31932,-0.08907117694616318,0.3493184447288513,8.528809547424316,td1,Walker2d-v5,1
786432,11.853490867345535,32352,-0.10759447515010834,0.35533440113067627,8.527823448181152,td1,Walker2d-v5,1
802816,10.726131919988541,32758,-0.0775882750749588,0.3573939800262451,8.526749610900879,td1,Walker2d-v5,1
819200,12.495617206078737,33160,-0.11570445448160172,0.3789018988609314,8.52565860748291,td1,Walker2d-v5,1
835584,12.467629400019757,33525,-0.07143250107765198,0.3806266486644745,8.524458885192871,td1,Walker2d-v5,1
851968,17.59529924314201,33882,-0.12173847109079361,0.3989455997943878,8.523277282714844,td1,Walker2d-v5,1
868352,14.017530323362912,34251,-0.09663615375757217,0.38802632689476013,8.52199649810791,td1,Walker2d-v5,1
884736,13.217021471110181,34608,-0.11614857614040375,0.39696455001831055,8.520705223083496,td1,Walker2d-v5,1
901120,13.243639152259632,34947,-0.09669434279203415,0.398731529712677,8.519331932067871,td1,Walker2d-v5,1
917504,17.40375228915245,35272,-0.1271648108959198,0.4102051854133606,8.517928123474121,td1,Walker2d-v5,1
933888,15.930553254141039,35605,-0.11885738372802734,0.4230710566043854,8.516417503356934,td1,Walker2d-v5,1
950272,14.834444124255615,35922,-0.13485087454319,0.4212140738964081,8.514847755432129,td1,Walker2d-v5,1
966656,19.18622533466656,36207,-0.08528116345405579,0.46343910694122314,8.513182640075684,td1,Walker2d-v5,1
983040,15.984798759955767,36493,-0.12258774787187576,0.4803471565246582,8.511534690856934,td1,Walker2d-v5,1
999424,18.034085563588643,36787,-0.11769592761993408,0.4695484936237335,8.509819984436035,td1,Walker2d-v5,1
16384,-0.8122636164262148,839,-0.0317906029522419,0.3646610379219055,8.513632774353027,td1,Walker2d-v5,2
32768,-1.2616197946513592,1650,0.019351480528712273,0.33479684591293335,8.513632774353027,td1,Walker2d-v5,2
49152,-0.353816289181253,2461,-0.0075370073318481445,0.32318106293678284,8.514954566955566,td1,Walker2d-v5,2
65536,-1.4075190977564425,3290,-0.032490380108356476,0.3168586492538452,8.516190528869629,td1,Walker2d-v5,2
81920,-0.6269255635020645,4087,0.004994841292500496,0.30867430567741394,8.51718807220459,td1,Walker2d-v5,2
98304,-1.8280219402959086,4914,-0.009287577122449875,0.3230516016483307,8.518172264099121,td1,Walker2d-v5,2
114688,-0.6560808621516665,5702,0.003661014139652252,0.3192252218723297,8.519133567810059,td1,Walker2d-v5,2
131072,-0.5113299152947541,6474,0.005333244800567627,0.33611780405044556,8.520133018493652,td1,Walker2d-v5,2
147456,-0.5423526000375875,7249,0.03406961262226105,0.3308628797531128,8.521185874938965,td1,Walker2d-v5,2
163840,-1.2061387391366098,8010,0.02583329752087593,0.34579989314079285,8.522408485412598,td1,Walker2d-v5,2
180224,-0.23445967384889513,8777,0.024369988590478897,0.3492373824119568,8.523728370666504,td1,Walker2d-v5,2
196608,-0.658112000642476,9519,0.015996664762496948,0.3543822467327118,8.525086402893066,td1,Walker2d-v5,2
212992,-0.2048530198475332,10236,0.004337264224886894,0.3721669018268585,8.526474952697754,td1,Walker2d-v5,2
229376,0.5811800338976042,10977,0.005061186850070953,0.36789754033088684,8.527861595153809,td1,Walker2d-v5,2
245760,0.24100662343455803,11690,-0.007572459056973457,0.3857189416885376,8.529236793518066,td1,Walker2d-v5,2
262144,0.595204466830982,12404,0.007539425045251846,0.39575499296188354,8.530503273010254,td1,Walker2d-v5,2
278528,0.05833094075587161,13105,-0.00027535855770111084,0.3835532069206238,8.531731605529785,td1,Walker2d-v5,2
294912,-0.860732165230116,13797,0.004122255370020866,0.40670377016067505,8.532944679260254,td1,Walker2d-v5,2
311296,0.9492057873546702,14472,0.003517773002386093,0.415489137172699,8.53414249420166,td1,Walker2d-v5,2
327680,1.4555595441209204,15133,0.0024081338196992874,0.4177221655845642,8.535338401794434,td1,Walker2d-v5,2
344064,1.413758357891783,15800,0.030170023441314697,0.43651705980300903,8.536513328552246,td1,Walker2d-v5,2
360448,2.519089013194794,16470,-0.014455676078796387,0.43221282958984375,8.53774356842041,td1,Walker2d-v5,2
376832,1.910762507043813,17109,-0.03031269460916519,0.4388524293899536,8.538901329040527,td1,Walker2d-v5,2
393216,1.4145719102792333,17732,0.018056131899356842,0.4332873523235321,8.539946556091309,td1,Walker2d-v5,2
409600,0.4223319068289482,18370,-0.0227345060557127,0.4333590269088745,8.541022300720215,td1,Walker2d-v5,2
425984,2.433366142638942,18996,-0.004212063737213612,0.4401107132434845,8.542000770568848,td1,Walker2d-v5,2
442368,2.2616040009429925,19604,-0.031641263514757156,0.42201289534568787,8.542967796325684,td1,Walker2d-v5,2
458752,1.2796061335499997,20228,-0.03262461721897125,0.4380732476711273,8.543829917907715,td1,Walker2d-v5,2
475136,4.0003568134222265,20812,-0.02597939223051071,0.42728257179260254,8.544594764709473,td1,Walker2d-v5,2
491520,0.5195271783495106,21409,-0.03346094489097595,0.42260682582855225,8.545295715332031,td1,Walker2d-v5,2
507904,4.149230510207134,22008,-0.034406356513500214,0.4187251329421997,8.545920372009277,td1,Walker2d-v5,2
524288,5.002327740647655,22584,-0.054324671626091,0.4052603840827942,8.546469688415527,td1,Walker2d-v5,2
540672,3.8266962540250864,23164,-0.048779599368572235,0.4069441854953766,8.546891212463379,td1,Walker2d-v5,2
557056,3.5516647027029054,23712,-0.026547487825155258,0.3923777937889099,8.547240257263184,td1,Walker2d-v5,2
573440,3.702524466685617,24262,-0.044421255588531494,0.3993202745914459,8.547568321228027,td1,Walker2d-v5,2
589824,4.0928286631035435,24804,-0.06575435400009155,0.3758554756641388,8.54782772064209,td1,Walker2d-v5,2
606208,5.713767779169615,25340,-0.03757483512163162,0.37598344683647156,8.547957420349121,td1,Walker2d-v5,2
622592,4.897796414711647,25874,-0.06704315543174744,0.3701213002204895,8.548066139221191,td1,Walker2d-v5,2
638976,5.394055227976922,26377,-0.1011350154876709,0.3669132590293884,8.548073768615723,td1,Walker2d-v5,2
655360,7.3714786091579425,26888,-0.07877839356660843,0.3806714117527008,8.547890663146973,td1,Walker2d-v5,2
671744,6.85914119445438,27383,-0.06794622540473938,0.3694554567337036,8.547608375549316,td1,Walker2d-v5,2
688128,5.834370302641267,27865,-0.0879388302564621,0.38238435983657837,8.54726505279541,td1,Walker2d-v5,2
704512,7.23920947215564,28353,-0.08099052309989929,0.3704797327518463,8.546822547912598,td1,Walker2d-v5,2
720896,7.79877111224503,28815,-0.10481759905815125,0.3694327473640442,8.546296119689941,td1,Walker2d-v5,2
737280,10.92651224803157,29278,-0.08399918675422668,0.3898255228996277,8.545632362365723,td1,Walker2d-v5,2
753664,8.938303692960424,29720,-0.06678979098796844,0.38193145394325256,8.544905662536621,td1,Walker2d-v5,2
770048,9.355316575362112,30142,-0.06858532130718231,0.3912524878978729,8.544144630432129,td1,Walker2d-v5,2
786432,11.81241801767852,30569,-0.0939539223909378,0.3946891725063324,8.543351173400879,td1,Walker2d-v5,2
802816,10.503031607091648,30991,-0.0733397901058197,0.4087372422218323,8.542481422424316,td1,Walker2d-v5,2
819200,10.434362681539223,31413,-0.1220971867442131,0.3916616141796112,8.541586875915527,td1,Walker2d-v5,2
835584,14.092816885435035,31804,-0.11817871034145355,0.4084766209125519,8.540543556213379,td1,Walker2d-v5,2
851968,10.950668628160651,32194,-0.09495902061462402,0.41006627678871155,8.53939151763916,td1,Walker2d-v5,2
868352,9.45756632512718,32567,-0.0796927958726883,0.4309893250465393,8.538186073303223,td1,Walker2d-v5,2
884736,14.546642778092199,32943,-0.10334485024213791,0.4252346456050873,8.536955833435059,td1,Walker2d-v5,2
901120,11.959161668430431,33304,-0.10480449348688126,0.43128830194473267,8.535674095153809,td1,Walker2d-v5,2
917504,14.214638760323217,33640,-0.1141703873872757,0.43939855694770813,8.534310340881348,td1,Walker2d-v5,2
933888,15.164241623498445,33966,-0.0955534502863884,0.4596908390522003,8.532868385314941,td1,Walker2d-v5,2
950272,18.363949964272823,34286,-0.12265393137931824,0.4855577051639557,8.531418800354004,td1,Walker2d-v5,2
966656,15.711085659369946,34593,-0.10832149535417557,0.47560954093933105,8.52987003326416,td1,Walker2d-v5,2
983040,14.25752722330047,34906,-0.1281459778547287,0.47537893056869507,8.528266906738281,td1,Walker2d-v5,2
999424,24.690344332778835,35187,-0.11277111619710922,0.5197241902351379,8.526611328125,td1,Walker2d-v5,2
16384,-1.0735892905403361,831,-0.010994914919137955,11.260026931762695,8.513632774353027,mc,Walker2d-v5,0
32768,-0.9113078118418446,1660,-0.02941437065601349,12.165973663330078,8.514229774475098,mc,Walker2d-v5,0
49152,-0.4601314597743255,2499,-0.03474145755171776,10.374143600463867,8.514893531799316,mc,Walker2d-v5,0
65536,0.1081635475584439,3321,-0.025534674525260925,11.241490364074707,8.515236854553223,mc,Walker2d-v5,0
81920,0.34445063182183966,4102,-0.04197736829519272,10.868536949157715,8.5155029296875,mc,Walker2d-v5,0
98304,0.7249533027100619,4877,-0.01689748466014862,11.065607070922852,8.515686988830566,mc,Walker2d-v5,0
114688,0.25803667561268795,5644,-0.025379672646522522,12.541058540344238,8.516022682189941,mc,Walker2d-v5,0
131072,2.08327267689238,6402,-0.03828354924917221,15.326289176940918,8.516257286071777,mc,Walker2d-v5,0
147456,1.598600632197776,7166,-0.027869664132595062,9.395325660705566,8.516449928283691,mc,Walker2d-v5,0
163840,0.38462258025181534,7922,-0.040256500244140625,11.500322341918945,8.516617774963379,mc,Walker2d-v5,0
180224,1.36144261715546,8649,-0.03335432708263397,12.278904914855957,8.516610145568848,mc,Walker2d-v5,0
196608,1.71998495875122,9379,-0.025943517684936523,10.152788162231445,8.516549110412598,mc,Walker2d-v5,0
212992,1.7459639520981518,10100,-0.008392412215471268,12.804049491882324,8.516549110412598,mc,Walker2d-v5,0
229376,1.2118975385343664,10793,-0.050133686512708664,14.83414077758789,8.516730308532715,mc,Walker2d-v5,0
245760,1.9685984446384037,11487,-0.02892528474330902,16.575429916381836,8.516693115234375,mc,Walker2d-v5,0
262144,1.9046766997840927,12155,-0.022677727043628693,17.10794448852539,8.516654968261719,mc,Walker2d-v5,0
278528,2.405253764148144,12826,-0.05467984825372696,16.92532730102539,8.516684532165527,mc,Walker2d-v5,0
294912,2.7692229585115444,13495,-0.06066713482141495,18.486982345581055,8.516533851623535,mc,Walker2d-v5,0
311296,1.1450746408097987,14138,-0.03824315965175629,25.122821807861328,8.516190528869629,mc,Walker2d-v5,0
327680,4.241406460706779,14789,-0.0357871949672699,17.782386779785156,8.515837669372559,mc,Walker2d-v5,0
344064,4.12001415323301,15420,-0.026177361607551575,22.141529083251953,8.515471458435059,mc,Walker2d-v5,0
360448,4.26878142130171,16042,-0.02971099317073822,19.29408073425293,8.515181541442871,mc,Walker2d-v5,0
376832,3.639746052419383,16664,-0.02729443460702896,20.420452117919922,8.514915466308594,mc,Walker2d-v5,0
393216,4.612167620382054,17248,-0.030898332595825195,25.584808349609375,8.514700889587402,mc,Walker2d-v5,0
409600,5.671083585132123,17823,-0.060327693819999695,22.256084442138672,8.51450252532959,mc,Walker2d-v5,0
425984,6.781604947948463,18399,-0.01306740939617157,29.796140670776367,8.514128684997559,mc,Walker2d-v5,0
442368,6.170868660859371,18942,-0.02522270753979683,33.01591873168945,8.513908386230469,mc,Walker2d-v5,0
458752,7.213480059367566,19467,-0.03636741638183594,44.52183532714844,8.513733863830566,mc,Walker2d-v5,0
475136,6.300664837620349,19987,-0.028934890404343605,25.886764526367188,8.513535499572754,mc,Walker2d-v5,0
491520,6.160432265559336,20524,-0.05914393067359924,25.809350967407227,8.513381004333496,mc,Walker2d-v5,0
507904,6.758038244440025,21033,-0.04975707828998566,39.714210510253906,8.513077735900879,mc,Walker2d-v5,0
524288,8.886863214837183,21522,-0.04204259067773819,39.758522033691406,8.512696266174316,mc,Walker2d-v5,0
540672,9.23247224700976,21993,-0.03601311147212982,48.400733947753906,8.512282371520996,mc,Walker2d-v5,0
557056,11.693514194183372,22451,-0.04836764186620712,45.06608200073242,8.511857032775879,mc,Walker2d-v5,0
573440,11.604172178779535,22907,-0.03282336890697479,56.53412628173828,8.511383056640625,mc,Walker2d-v5,0
589824,11.014492555819134,23346,-0.04751637578010559,72.9852294921875,8.510940551757812,mc,Walker2d-v5,0
606208,14.789252576266083,23769,-0.032709136605262756,67.32255554199219,8.510445594787598,mc,Walker2d-v5,0
622592,12.716149442293675,24191,-0.03128334879875183,83.37551879882812,8.509978294372559,mc,Walker2d-v5,0
638976,17.978189051478072,24574,-0.023344896733760834,130.72105407714844,8.509551048278809,mc,Walker2d-v5,0
655360,15.06600166163723,24960,-0.026815425604581833,105.85887908935547,8.509217262268066,mc,Walker2d-v5,0
671744,13.590984716470016,25351,-0.009420379996299744,61.00469970703125,8.508940696716309,mc,Walker2d-v5,0
688128,15.677084884088472,25724,-0.05001368373632431,76.66041564941406,8.508804321289062,mc,Walker2d-v5,0
704512,23.79385361716219,26072,-0.021573632955551147,152.56707763671875,8.508574485778809,mc,Walker2d-v5,0
720896,19.471958912825173,26417,-0.02665667235851288,161.47442626953125,8.508406639099121,mc,Walker2d-v5,0
737280,18.40825976004865,26766,-0.02967371791601181,114.33613586425781,8.50826358795166,mc,Walker2d-v5,0
753664,18.602311361919284,27104,-0.04169914126396179,146.34561157226562,8.508139610290527,mc,Walker2d-v5,0
770048,18.382058204958945,27430,-0.028199318796396255,134.47732543945312,8.507950782775879,mc,Walker2d-v5,0
786432,18.677991555723917,27761,-0.03166365623474121,105.7699203491211,8.507797241210938,mc,Walker2d-v5,0
802816,20.978520513135962,28078,-0.026917636394500732,165.79490661621094,8.507643699645996,mc,Walker2d-v5,0
819200,20.406944188190767,28384,-0.05499628186225891,161.96356201171875,8.507514953613281,mc,Walker2d-v5,0
835584,25.851524944670082,28680,-0.026997536420822144,267.40606689453125,8.507262229919434,mc,Walker2d-v5,0
851968,24.787351413012644,28967,-0.02922748774290085,221.09873962402344,8.507057189941406,mc,Walker2d-v5,0
868352,26.213523592743154,29252,-0.05393591523170471,224.077880859375,8.506880760192871,mc,Walker2d-v5,0
884736,25.467870108098197,29543,-0.010687440633773804,265.29766845703125,8.506584167480469,mc,Walker2d-v5,0
901120,30.350621565165376,29821,-0.01439821720123291,262.2898254394531,8.506430625915527,mc,Walker2d-v5,0
917504,28.965523426516487,30087,-0.02635037899017334,260.0028381347656,8.506386756896973,mc,Walker2d-v5,0
933888,24.75119009803987,30343,-0.04760432243347168,262.9280700683594,8.506379127502441,mc,Walker2d-v5,0
950272,28.854394561015788,30602,-0.032640162855386734,247.95809936523438,8.506272315979004,mc,Walker2d-v5,0
966656,31.614159749772025,30847,-0.05351785197854042,334.96014404296875,8.506156921386719,mc,Walker2d-v5,0
983040,33.47188075260486,31084,-0.005847908556461334,344.2773132324219,8.505928993225098,mc,Walker2d-v5,0
999424,38.91799970115645,31329,-0.015057504177093506,352.57879638671875,8.505867958068848,mc,Walker2d-v5,0
16384,-1.5074501740061215,842,-0.006086524575948715,12.584349632263184,8.513632774353027,mc,Walker2d-v5,1
32768,-0.10800580722302086,1668,-0.03303612768650055,12.037768363952637,8.51483154296875,mc,Walker2d-v5,1
49152,-0.42952163245833175,2470,-0.033552560955286026,12.268009185791016,8.515288352966309,mc,Walker2d-v5,1
65536,-0.5748316632345296,3276,-0.03524656593799591,10.676361083984375,8.515519142150879,mc,Walker2d-v5,1
81920,0.23658013670597566,4070,-0.01579952798783779,10.71810245513916,8.515533447265625,mc,Walker2d-v5,1
98304,0.35301077723883595,4862,-0.030070945620536804,12.740575790405273,8.515732765197754,mc,Walker2d-v5,1
114688,0.9526075969063834,5640,-0.02884943038225174,12.331220626831055,8.515852928161621,mc,Walker2d-v5,1
131072,0.6949782383465312,6414,-0.04511626809835434,11.152402877807617,8.515936851501465,mc,Walker2d-v5,1
147456,0.7589239522374481,7174,-0.038796566426754,12.41936206817627,8.51584529876709,mc,Walker2d-v5,1
163840,1.219752606829611,7925,-0.02834693342447281,16.152835845947266,8.515654563903809,mc,Walker2d-v5,1
180224,0.6508369921936739,8681,-0.045420750975608826,11.63582706451416,8.515555381774902,mc,Walker2d-v5,1
196608,0.6081708348148614,9402,-0.03127577528357506,13.369850158691406,8.51534366607666,mc,Walker2d-v5,1
212992,0.5334659232511212,10130,-0.02858850359916687,11.932665824890137,8.515206336975098,mc,Walker2d-v5,1
229376,1.6185983237253385,10845,-0.025308914482593536,13.304259300231934,8.515097618103027,mc,Walker2d-v5,1
245760,0.3532835539620791,11554,-0.0246884822845459,16.573352813720703,8.515044212341309,mc,Walker2d-v5,1
262144,2.243322009990172,12225,-0.025538280606269836,16.28756332397461,8.515045166015625,mc,Walker2d-v5,1
278528,4.156284056006326,12900,-0.019419804215431213,16.121810913085938,8.515074729919434,mc,Walker2d-v5,1
294912,2.553051470144175,13564,-0.03587767481803894,16.853179931640625,8.515181541442871,mc,Walker2d-v5,1
311296,3.628633654137687,14230,-0.047179579734802246,21.47622299194336,8.515213966369629,mc,Walker2d-v5,1
327680,2.1733021082641395,14863,-0.022175008431077003,20.88981819152832,8.515120506286621,mc,Walker2d-v5,1
344064,3.892909419666566,15491,-0.056973665952682495,19.69793701171875,8.51509952545166,mc,Walker2d-v5,1
360448,4.135426285751552,16104,-0.03484343737363815,25.232555389404297,8.514901161193848,mc,Walker2d-v5,1
376832,3.936447918497207,16699,-0.031444549560546875,24.59414291381836,8.51468563079834,mc,Walker2d-v5,1
393216,4.910689711747358,17308,-0.06988713145256042,19.79167938232422,8.514466285705566,mc,Walker2d-v5,1
409600,4.1862034360480695,17895,-0.03266820311546326,20.298093795776367,8.514031410217285,mc,Walker2d-v5,1
425984,6.121302732917526,18465,-0.028301574289798737,28.047527313232422,8.513617515563965,mc,Walker2d-v5,1
442368,6.389727160494954,19016,-0.02478352189064026,40.48731994628906,8.513251304626465,mc,Walker2d-v5,1
458752,5.292605056634333,19559,-0.04155445843935013,29.843034744262695,8.512953758239746,mc,Walker2d-v5,1
475136,7.410364010842431,20088,-0.048384249210357666,35.43520736694336,8.512618064880371,mc,Walker2d-v5,1
491520,7.75587539461589,20595,-0.0354161262512207,35.10387420654297,8.512199401855469,mc,Walker2d-v5,1
507904,6.657415619737862,21092,-0.04040589928627014,35.9452018737793,8.511787414550781,mc,Walker2d-v5,1
524288,7.816207464884201,21591,-0.05858054757118225,38.24503707885742,8.511353492736816,mc,Walker2d-v5,1
540672,10.755415483110319,22081,-0.04444584995508194,39.13645553588867,8.510817527770996,mc,Walker2d-v5,1
557056,8.96790410097435,22549,-0.05257498100399971,42.404884338378906,8.510231018066406,mc,Walker2d-v5,1
573440,10.475485507821753,23006,-0.05816173553466797,52.29186248779297,8.509581565856934,mc,Walker2d-v5,1
589824,12.844903309976004,23445,-0.031623274087905884,59.61666488647461,8.508833885192871,mc,Walker2d-v5,1
606208,12.690336305902095,23870,-0.026465581730008125,58.98617172241211,8.508149147033691,mc,Walker2d-v5,1
622592,14.177188801717845,24281,-0.004353715106844902,68.72021484375,8.50754451751709,mc,Walker2d-v5,1
638976,13.355905646339691,24692,-0.027294252067804337,90.935302734375,8.507164001464844,mc,Walker2d-v5,1
655360,16.300035813010364,25085,-0.02601104974746704,72.13143157958984,8.506836891174316,mc,Walker2d-v5,1
671744,15.431232921837468,25476,-0.058751046657562256,76.27354431152344,8.506562232971191,mc,Walker2d-v5,1
688128,18.080187403253916,25846,-0.03175666183233261,107.05101013183594,8.506155967712402,mc,Walker2d-v5,1
704512,17.574551146221634,26205,-0.0378459095954895,118.71026611328125,8.505784034729004,mc,Walker2d-v5,1
720896,16.880857394201033,26552,-0.042133018374443054,77.17449188232422,8.505400657653809,mc,Walker2d-v5,1
737280,17.2218936731988,26905,-0.01924031972885132,139.39263916015625,8.50498104095459,mc,Walker2d-v5,1
753664,22.26112786219383,27237,-0.05861029028892517,154.77952575683594,8.504647254943848,mc,Walker2d-v5,1
770048,21.025935589390727,27553,-0.03021007776260376,126.39723205566406,8.50418758392334,mc,Walker2d-v5,1
786432,23.392017821363353,27871,-0.04726555198431015,138.29034423828125,8.503767967224121,mc,Walker2d-v5,1
802816,26.495281232659618,28178,-0.014835655689239502,254.69943237304688,8.503288269042969,mc,Walker2d-v5,1
819200,25.56630188046451,28486,-0.0723641961812973,155.58042907714844,8.502945899963379,mc,Walker2d-v5,1
835584,28.556024159534623,28765,-0.029144734144210815,255.0640869140625,8.502411842346191,mc,Walker2d-v5,1
851968,28.375496413404697,29034,-0.05517894774675369,213.5940704345703,8.501931190490723,mc,Walker2d-v5,1
868352,28.421771831154434,29320,-0.047388285398483276,174.35337829589844,8.501358985900879,mc,Walker2d-v5,1
884736,28.277595377186756,29601,-0.013877160847187042,219.48880004882812,8.500746726989746,mc,Walker2d-v5,1
901120,33.210573233565576,29861,-0.03238901495933533,329.23846435546875,8.50028133392334,mc,Walker2d-v5,1
917504,27.58184577503833,30126,-0.023089148104190826,239.98146057128906,8.499846458435059,mc,Walker2d-v5,1
933888,29.309008393490103,30391,-0.022127151489257812,256.111328125,8.499480247497559,mc,Walker2d-v5,1
950272,28.39851723518804,30655,-0.0408245250582695,275.6075744628906,8.499207496643066,mc,Walker2d-v5,1
966656,34.95942299689661,30888,-0.03568940609693527,465.23297119140625,8.498902320861816,mc,Walker2d-v5,1
983040,33.39356924958708,31123,-0.028196275234222412,305.9925842285156,8.498595237731934,mc,Walker2d-v5,1
999424,33.159391044809624,31374,-0.013965427875518799,217.45370483398438,8.498322486877441,mc,Walker2d-v5,1
16384,-0.8122636164262148,839,-0.006269097328186035,13.082947731018066,8.513632774353027,mc,Walker2d-v5,2
32768,-0.9053831967991934,1653,-0.015308134257793427,14.813922882080078,8.515433311462402,mc,Walker2d-v5,2
49152,-0.3865492898974041,2459,-0.034700438380241394,11.763028144836426,8.516585350036621,mc,Walker2d-v5,2
65536,-1.3113221771038674,3287,-0.05509652942419052,12.529684066772461,8.517281532287598,mc,Walker2d-v5,2
81920,0.02221150161612817,4081,-0.018705368041992188,11.585573196411133,8.517372131347656,mc,Walker2d-v5,2
98304,-0.29949710020720305,4888,-0.05092518776655197,11.855224609375,8.517547607421875,mc,Walker2d-v5,2
114688,0.48858652434720024,5669,-0.03010942041873932,10.751502990722656,8.517510414123535,mc,Walker2d-v5,2
131072,0.5932118532969306,6442,-0.002818778157234192,11.58334732055664,8.51747989654541,mc,Walker2d-v5,2
147456,0.6141024211336338,7205,-0.029653597623109818,12.30965805053711,8.517693519592285,mc,Walker2d-v5,2
163840,0.19087173998189674,7952,-0.034852057695388794,12.917096138000488,8.517800331115723,mc,Walker2d-v5,2
180224,1.3034111625051883,8704,-0.032541826367378235,12.538654327392578,8.517821311950684,mc,Walker2d-v5,2
196608,0.7647703257106094,9432,-0.027633801102638245,11.964735984802246,8.517821311950684,mc,Walker2d-v5,2
212992,1.1878257741932787,10134,-0.05293742194771767,12.669312477111816,8.517836570739746,mc,Walker2d-v5,2
229376,2.134304818121939,10850,-0.032118454575538635,16.170169830322266,8.517708778381348,mc,Walker2d-v5,2
245760,2.6369202529003086,11536,-0.021687403321266174,16.128801345825195,8.517579078674316,mc,Walker2d-v5,2
262144,3.1327785069739758,12228,-0.05646933242678642,15.713560104370117,8.517509460449219,mc,Walker2d-v5,2
278528,2.4543611826039378,12898,-0.0435340479016304,17.815364837646484,8.517302513122559,mc,Walker2d-v5,2
294912,2.8932584891485065,13569,-0.03498680144548416,14.536300659179688,8.517035484313965,mc,Walker2d-v5,2
311296,3.657364779843651,14211,-0.03731587529182434,18.611236572265625,8.516761779785156,mc,Walker2d-v5,2
327680,3.641639800155945,14830,-0.01772390305995941,18.848556518554688,8.516494750976562,mc,Walker2d-v5,2
344064,4.52986775076138,15456,-0.03777894750237465,20.11844825744629,8.51632022857666,mc,Walker2d-v5,2
360448,6.205411052067942,16075,-0.05175108462572098,23.548368453979492,8.516121864318848,mc,Walker2d-v5,2
376832,5.5183928960029665,16668,-0.03965650871396065,28.387218475341797,8.515809059143066,mc,Walker2d-v5,2
393216,4.906821089434992,17237,-0.041776254773139954,30.773752212524414,8.515488624572754,mc,Walker2d-v5,2
409600,5.30402494851873,17806,-0.046277325600385666,25.011709213256836,8.515130043029785,mc,Walker2d-v5,2
425984,6.988805094480196,18368,-0.05032684653997421,28.034177780151367,8.51473331451416,mc,Walker2d-v5,2
442368,7.739273715003025,18894,-0.0643220841884613,30.843107223510742,8.514267921447754,mc,Walker2d-v5,2
458752,6.9342168883361435,19432,-0.048283740878105164,31.531394958496094,8.513665199279785,mc,Walker2d-v5,2
475136,7.9090763884473825,19950,-0.06162312626838684,40.76838684082031,8.513030052185059,mc,Walker2d-v5,2
491520,5.899132840359809,20454,-0.050389230251312256,37.623226165771484,8.512282371520996,mc,Walker2d-v5,2
507904,8.580076039998016,20956,-0.056894831359386444,32.02296447753906,8.511489868164062,mc,Walker2d-v5,2
524288,10.475033758168228,21434,-0.04615353047847748,55.577613830566406,8.510634422302246,mc,Walker2d-v5,2
540672,9.059170163339614,21916,-0.0557171106338501,41.4419059753418,8.509773254394531,mc,Walker2d-v5,2
557056,11.130001078264195,22366,-0.04429280012845993,42.85088348388672,8.508881568908691,mc,Walker2d-v5,2
573440,12.116254854594136,22812,-0.03890228271484375,73.55308532714844,8.507994651794434,mc,Walker2d-v5,2
589824,12.740587838427778,23248,-0.05010829493403435,75.50471496582031,8.507155418395996,mc,Walker2d-v5,2
606208,13.253319254571363,23667,-0.016358301043510437,69.77876281738281,8.506287574768066,mc,Walker2d-v5,2
622592,12.544051439034,24085,-0.05761104077100754,61.364383697509766,8.505600929260254,mc,Walker2d-v5,2
638976,15.175676565567258,24478,-0.02824898064136505,95.87406921386719,8.504843711853027,mc,Walker2d-v5,2
655360,16.515276965004077,24877,-0.04605173319578171,64.51486206054688,8.504166603088379,mc,Walker2d-v5,2
671744,16.318353859095076,25258,-0.028631970286369324,65.5078353881836,8.503485679626465,mc,Walker2d-v5,2
688128,16.886883656515604,25634,-0.02647922933101654,77.15703582763672,8.502882957458496,mc,Walker2d-v5,2
704512,16.028300103433704,26005,-0.0363529697060585,108.72892761230469,8.502348899841309,mc,Walker2d-v5,2
720896,16.53311358890183,26357,-0.03909751772880554,106.09559631347656,8.501824378967285,mc,Walker2d-v5,2
737280,20.495967557069562,26702,-0.011022701859474182,94.97270202636719,8.501297950744629,mc,Walker2d-v5,2
753664,20.042198122662548,27038,-0.03340774029493332,135.02574157714844,8.500930786132812,mc,Walker2d-v5,2
770048,23.86975221944122,27354,-0.005881078541278839,153.09295654296875,8.500588417053223,mc,Walker2d-v5,2
786432,22.902983656854413,27680,-0.007499799132347107,122.06462097167969,8.50040340423584,mc,Walker2d-v5,2
802816,24.764683007986765,27994,-0.02699456363916397,193.68238830566406,8.500359535217285,mc,Walker2d-v5,2
819200,26.170291742791697,28313,-0.03803953528404236,152.24505615234375,8.50034236907959,mc,Walker2d-v5,2
835584,28.979947359180223,28603,-0.04283927381038666,213.61805725097656,8.500275611877441,mc,Walker2d-v5,2
851968,29.296090928277955,28891,-0.02475430816411972,224.8247528076172,8.50015926361084,mc,Walker2d-v5,2
868352,26.8776187443087,29171,-0.0068336427211761475,263.41107177734375,8.500075340270996,mc,Walker2d-v5,2
884736,30.14641244288574,29459,-0.0486096628010273,283.9552917480469,8.500121116638184,mc,Walker2d-v5,2
901120,27.37185389580546,29730,-0.01673833280801773,215.6711883544922,8.500061988830566,mc,Walker2d-v5,2
917504,31.50319601883265,29986,-0.06998921930789948,305.92254638671875,8.50008487701416,mc,Walker2d-v5,2
933888,33.82293461876917,30233,-0.008157648146152496,291.08087158203125,8.499900817871094,mc,Walker2d-v5,2
950272,40.75119569125486,30477,-0.00707249715924263,386.10076904296875,8.499846458435059,mc,Walker2d-v5,2
966656,32.391364780678195,30719,-0.028207987546920776,266.1342468261719,8.499922752380371,mc,Walker2d-v5,2
983040,38.20873912705964,30953,-0.025834202766418457,370.0362548828125,8.500000953674316,mc,Walker2d-v5,2
999424,44.98205384789631,31170,-0.021491020917892456,595.3538818359375,8.500092506408691,mc,Walker2d-v5,2
16384,-1.0735892905403361,831,-0.010965511202812195,6.094893932342529,8.513632774353027,gae,Walker2d-v5,0
32768,-1.0403260188517234,1662,-0.03069639950990677,6.271848201751709,8.514229774475098,gae,Walker2d-v5,0
49152,-0.4607557284455823,2496,-0.039971426129341125,5.57051944732666,8.514640808105469,gae,Walker2d-v5,0
65536,0.02375000959333591,3320,-0.03168769180774689,5.5965375900268555,8.514716148376465,gae,Walker2d-v5,0
81920,-0.12866983577267327,4104,-0.03939889371395111,5.972208023071289,8.514731407165527,gae,Walker2d-v5,0
98304,0.5925607550894727,4874,-0.03587988018989563,5.6393141746521,8.514739036560059,gae,Walker2d-v5,0
114688,0.5552568872653894,5640,-0.03590238466858864,5.589856147766113,8.514664649963379,gae,Walker2d-v5,0
131072,2.3408832281554544,6394,-0.04282299429178238,6.734783172607422,8.514451026916504,gae,Walker2d-v5,0
147456,1.6045502471921496,7146,-0.03309256210923195,5.452797889709473,8.514152526855469,gae,Walker2d-v5,0
163840,0.28294594847351456,7894,-0.04514530301094055,5.915471076965332,8.513869285583496,gae,Walker2d-v5,0
180224,1.6585280707993773,8623,-0.034758977591991425,6.389527797698975,8.513489723205566,gae,Walker2d-v5,0
196608,1.4944561338396145,9341,-0.03850775212049484,5.373068809509277,8.513131141662598,gae,Walker2d-v5,0
212992,1.1653889141343614,10063,-0.020550228655338287,5.919869899749756,8.51271915435791,gae,Walker2d-v5,0
229376,1.2806681225927523,10755,-0.06506607681512833,7.774056434631348,8.51242733001709,gae,Walker2d-v5,0
245760,2.484011827521596,11442,-0.04905135929584503,6.5644049644470215,8.511931419372559,gae,Walker2d-v5,0
262144,1.610981925351444,12097,-0.036524467170238495,7.382594108581543,8.51138973236084,gae,Walker2d-v5,0
278528,2.196770038690546,12764,-0.061433061957359314,7.292237281799316,8.510849952697754,gae,Walker2d-v5,0
294912,3.2547317652267935,13432,-0.0647525042295456,7.539444923400879,8.510201454162598,gae,Walker2d-v5,0
311296,1.1894225456413705,14073,-0.05540765821933746,8.203146934509277,8.509430885314941,gae,Walker2d-v5,0
327680,4.510584273645631,14718,-0.03988565504550934,7.943527698516846,8.508598327636719,gae,Walker2d-v5,0
344064,4.697368293990048,15334,-0.03255539387464523,8.75602912902832,8.507813453674316,gae,Walker2d-v5,0
360448,4.718926616329607,15944,-0.03642408549785614,8.244717597961426,8.507086753845215,gae,Walker2d-v5,0
376832,4.5096404155028065,16554,-0.05754872411489487,8.257194519042969,8.506394386291504,gae,Walker2d-v5,0
393216,4.451176472620319,17129,-0.05197708308696747,8.932049751281738,8.505645751953125,gae,Walker2d-v5,0
409600,6.308626867458093,17691,-0.05893459543585777,9.354692459106445,8.504837989807129,gae,Walker2d-v5,0
425984,8.026934075528116,18252,-0.03296123445034027,10.598429679870605,8.503951072692871,gae,Walker2d-v5,0
442368,5.492279801146677,18787,-0.0418267697095871,10.305015563964844,8.503158569335938,gae,Walker2d-v5,0
458752,7.626638505161583,19312,-0.06991678476333618,11.001447677612305,8.502387046813965,gae,Walker2d-v5,0
475136,6.538930979190053,19822,-0.046529851853847504,10.265996932983398,8.501471519470215,gae,Walker2d-v5,0
491520,7.366725979200943,20350,-0.0699106827378273,10.281184196472168,8.500563621520996,gae,Walker2d-v5,0
507904,8.482761068947209,20837,-0.053066931664943695,12.928425788879395,8.499564170837402,gae,Walker2d-v5,0
524288,10.465289121584284,21307,-0.07103744149208069,14.950937271118164,8.498551368713379,gae,Walker2d-v5,0
540672,9.273648034400091,21761,-0.0639181137084961,16.96731185913086,8.497437477111816,gae,Walker2d-v5,0
557056,12.057252324688431,22206,-0.07113593816757202,14.459964752197266,8.496268272399902,gae,Walker2d-v5,0
573440,9.872432698423427,22655,-0.07065087556838989,12.537297248840332,8.495009422302246,gae,Walker2d-v5,0
589824,12.434296690124045,23071,-0.04179965704679489,17.77865982055664,8.49367618560791,gae,Walker2d-v5,0
606208,15.324660270491377,23485,-0.052891261875629425,16.685976028442383,8.492424011230469,gae,Walker2d-v5,0
622592,12.32195078964045,23889,-0.04653210937976837,15.875758171081543,8.491181373596191,gae,Walker2d-v5,0
638976,16.764998239442356,24267,-0.041831694543361664,23.824451446533203,8.489983558654785,gae,Walker2d-v5,0
655360,15.328033170067293,24634,-0.023648004978895187,20.852737426757812,8.488839149475098,gae,Walker2d-v5,0
671744,13.224710236714284,25012,-0.04504242539405823,20.145965576171875,8.487853050231934,gae,Walker2d-v5,0
688128,18.633982468272173,25362,-0.05668656527996063,24.950878143310547,8.486861228942871,gae,Walker2d-v5,0
704512,24.585650977342198,25695,-0.05420377850532532,26.669910430908203,8.485817909240723,gae,Walker2d-v5,0
720896,23.678846057314885,26013,-0.05288110673427582,28.813873291015625,8.484747886657715,gae,Walker2d-v5,0
737280,18.295054589877623,26337,-0.03525188937783241,29.830150604248047,8.483674049377441,gae,Walker2d-v5,0
753664,17.675271255865127,26658,-0.03960828483104706,28.07640838623047,8.482680320739746,gae,Walker2d-v5,0
770048,22.557144217085753,26955,-0.062121614813804626,32.223915100097656,8.481719970703125,gae,Walker2d-v5,0
786432,25.68860035033392,27263,-0.07600326091051102,31.318845748901367,8.480690002441406,gae,Walker2d-v5,0
802816,22.76820451000929,27554,-0.04621029272675514,29.219797134399414,8.479552268981934,gae,Walker2d-v5,0
819200,22.65831534356476,27833,-0.06787073612213135,30.71613883972168,8.478425025939941,gae,Walker2d-v5,0
835584,25.01072970097791,28109,-0.03775554895401001,30.185840606689453,8.477232933044434,gae,Walker2d-v5,0
851968,29.4722929380474,28372,-0.05840297415852547,35.3749885559082,8.476103782653809,gae,Walker2d-v5,0
868352,30.78233895793116,28621,-0.0660075917840004,42.595489501953125,8.474961280822754,gae,Walker2d-v5,0
884736,24.314694087112755,28889,-0.03387486934661865,40.28334045410156,8.473748207092285,gae,Walker2d-v5,0
901120,31.224248473251876,29140,-0.04385371506214142,44.710418701171875,8.472625732421875,gae,Walker2d-v5,0
917504,34.88447520215021,29382,-0.008162125945091248,37.171653747558594,8.471543312072754,gae,Walker2d-v5,0
933888,41.85455919404798,29601,-0.07112821191549301,56.800498962402344,8.470686912536621,gae,Walker2d-v5,0
950272,31.371962348223416,29834,-0.031194984912872314,44.32819366455078,8.469712257385254,gae,Walker2d-v5,0
966656,38.10873494108285,30049,-0.03236008435487747,52.376373291015625,8.468832969665527,gae,Walker2d-v5,0
983040,43.278648226682634,30266,-0.04685153067111969,53.22468566894531,8.468024253845215,gae,Walker2d-v5,0
999424,51.017207540156505,30473,-0.04203931987285614,68.38508605957031,8.467215538024902,gae,Walker2d-v5,0
16384,-1.5074501740061215,842,-0.006354065611958504,6.58458137512207,8.513632774353027,gae,Walker2d-v5,1
32768,-0.038699983056138025,1670,-0.026593253016471863,6.3785600662231445,8.51483154296875,gae,Walker2d-v5,1
49152,-0.32553382827528365,2470,-0.024739732965826988,6.320847511291504,8.515303611755371,gae,Walker2d-v5,1
65536,-0.39454561555283585,3272,-0.049356117844581604,5.994539260864258,8.515669822692871,gae,Walker2d-v5,1
81920,-0.1055408887172893,4069,-0.02441355027258396,5.988727569580078,8.515685081481934,gae,Walker2d-v5,1
98304,0.4027860362492981,4867,-0.024983331561088562,6.249419212341309,8.515724182128906,gae,Walker2d-v5,1
114688,0.7634357411765825,5641,-0.02105080336332321,5.947630405426025,8.515769958496094,gae,Walker2d-v5,1
131072,0.9702402088087765,6412,-0.04659682512283325,5.877533912658691,8.515847206115723,gae,Walker2d-v5,1
147456,0.44895436295381574,7175,-0.03275487571954727,5.691422939300537,8.515732765197754,gae,Walker2d-v5,1
163840,2.0938072166429333,7923,-0.047121547162532806,6.713643550872803,8.515580177307129,gae,Walker2d-v5,1
180224,0.5553212152029627,8673,-0.044352222234010696,5.416669845581055,8.515328407287598,gae,Walker2d-v5,1
196608,0.47205650412363753,9398,-0.03728233277797699,6.28465461730957,8.515021324157715,gae,Walker2d-v5,1
212992,0.36454502609423706,10120,-0.04557234048843384,5.895411491394043,8.514716148376465,gae,Walker2d-v5,1
229376,1.5209599076962812,10834,-0.01908421516418457,6.518414497375488,8.514336585998535,gae,Walker2d-v5,1
245760,0.6830417565782702,11541,-0.030311107635498047,6.425277233123779,8.514092445373535,gae,Walker2d-v5,1
262144,2.442833017614214,12213,-0.030903160572052002,6.786959648132324,8.513893127441406,gae,Walker2d-v5,1
278528,3.6245439858257833,12880,-0.02771918475627899,6.7860941886901855,8.513710021972656,gae,Walker2d-v5,1
294912,2.554954551786251,13538,-0.053790781646966934,7.313255310058594,8.513581275939941,gae,Walker2d-v5,1
311296,4.235467537555682,14199,-0.05474866181612015,8.961868286132812,8.513306617736816,gae,Walker2d-v5,1
327680,2.6137138523156422,14830,-0.03639596700668335,8.346074104309082,8.512907981872559,gae,Walker2d-v5,1
344064,4.269273673192101,15446,-0.05013015866279602,8.605685234069824,8.512513160705566,gae,Walker2d-v5,1
360448,5.402023248682717,16056,-0.030570805072784424,8.85077953338623,8.512053489685059,gae,Walker2d-v5,1
376832,4.138383695647958,16652,-0.045395832508802414,9.06287670135498,8.511618614196777,gae,Walker2d-v5,1
393216,5.4687110409224315,17256,-0.08346784114837646,8.884342193603516,8.51113224029541,gae,Walker2d-v5,1
409600,4.35559391224626,17844,-0.03972447291016579,8.515829086303711,8.510414123535156,gae,Walker2d-v5,1
425984,6.850288627706666,18404,-0.04459399729967117,9.498571395874023,8.509705543518066,gae,Walker2d-v5,1
442368,7.4341330837446105,18956,-0.02646556682884693,11.057613372802734,8.509011268615723,gae,Walker2d-v5,1
458752,5.849890268437552,19497,-0.05012384429574013,10.514894485473633,8.508421897888184,gae,Walker2d-v5,1
475136,7.637646656083241,20022,-0.041705407202243805,10.18126392364502,8.507766723632812,gae,Walker2d-v5,1
491520,8.352470254679293,20514,-0.047106027603149414,14.249533653259277,8.507124900817871,gae,Walker2d-v5,1
507904,6.90373932566402,21015,-0.06929323822259903,11.000809669494629,8.506438255310059,gae,Walker2d-v5,1
524288,8.252872227500582,21496,-0.06055724620819092,12.269950866699219,8.505623817443848,gae,Walker2d-v5,1
540672,9.420107526144996,21974,-0.05033453553915024,11.936477661132812,8.504759788513184,gae,Walker2d-v5,1
557056,10.613364929162753,22427,-0.055583104491233826,14.520793914794922,8.503876686096191,gae,Walker2d-v5,1
573440,10.711148509177526,22872,-0.07353122532367706,13.763097763061523,8.502943992614746,gae,Walker2d-v5,1
589824,14.580100779810008,23298,-0.03505689650774002,16.872295379638672,8.501953125,gae,Walker2d-v5,1
606208,13.2743677197867,23714,-0.056684523820877075,17.525802612304688,8.501046180725098,gae,Walker2d-v5,1
622592,14.090807620937781,24118,-0.00344046950340271,19.369747161865234,8.50008487701416,gae,Walker2d-v5,1
638976,12.955760989871738,24518,-0.05114351585507393,18.637123107910156,8.499382972717285,gae,Walker2d-v5,1
655360,16.584090520803727,24901,-0.058970022946596146,18.77260398864746,8.498642921447754,gae,Walker2d-v5,1
671744,18.067625213453933,25276,-0.0729876309633255,24.396697998046875,8.497809410095215,gae,Walker2d-v5,1
688128,17.12732032524565,25632,-0.06980536878108978,23.664653778076172,8.496842384338379,gae,Walker2d-v5,1
704512,19.933105887527027,25977,-0.0475432425737381,26.332366943359375,8.495802879333496,gae,Walker2d-v5,1
720896,19.205272391928496,26302,-0.06426472961902618,24.77895736694336,8.494772911071777,gae,Walker2d-v5,1
737280,18.545839100982235,26640,-0.014493606984615326,27.076358795166016,8.493691444396973,gae,Walker2d-v5,1
753664,21.237160876952416,26951,-0.04593294858932495,29.218055725097656,8.492812156677246,gae,Walker2d-v5,1
770048,24.641402320886083,27248,-0.03455674648284912,35.405860900878906,8.491942405700684,gae,Walker2d-v5,1
786432,25.142956749698765,27547,-0.060252219438552856,35.7264518737793,8.491135597229004,gae,Walker2d-v5,1
802816,32.13378672530787,27819,-0.03236335515975952,41.922855377197266,8.490263938903809,gae,Walker2d-v5,1
819200,24.461074933072855,28101,-0.07116434723138809,27.437427520751953,8.489457130432129,gae,Walker2d-v5,1
835584,28.015017473341675,28356,-0.028682485222816467,41.18682861328125,8.488572120666504,gae,Walker2d-v5,1
851968,29.402435089309105,28615,-0.05973305553197861,31.348066329956055,8.487786293029785,gae,Walker2d-v5,1
868352,27.07443322108761,28881,-0.058811578899621964,35.987152099609375,8.486939430236816,gae,Walker2d-v5,1
884736,26.620311398266946,29144,-0.04254257678985596,31.9508056640625,8.486037254333496,gae,Walker2d-v5,1
901120,30.359151228144896,29387,-0.04379982501268387,37.37419891357422,8.485167503356934,gae,Walker2d-v5,1
917504,39.694188322328124,29631,-0.05641738325357437,48.03679275512695,8.484306335449219,gae,Walker2d-v5,1
933888,35.962006606063724,29865,-0.04987913370132446,42.869964599609375,8.483390808105469,gae,Walker2d-v5,1
950272,37.956573788689,30096,-0.05160251632332802,58.0267448425293,8.482466697692871,gae,Walker2d-v5,1
966656,39.28537507607599,30313,-0.032058343291282654,54.971923828125,8.48154354095459,gae,Walker2d-v5,1
983040,40.30578894750135,30519,-0.04928480088710785,49.58834457397461,8.480711936950684,gae,Walker2d-v5,1
999424,35.219142762420816,30734,-0.029928075149655342,46.105865478515625,8.479865074157715,gae,Walker2d-v5,1
16384,-0.8122636164262148,839,-0.014816805720329285,7.067953586578369,8.513632774353027,gae,Walker2d-v5,2
32768,-1.2886306771118081,1654,-0.008602369576692581,6.961684226989746,8.51483154296875,gae,Walker2d-v5,2
49152,-0.5385287491844021,2460,-0.04085513949394226,6.340032577514648,8.515823364257812,gae,Walker2d-v5,2
65536,-1.0122984421817154,3283,-0.07581859827041626,6.280097961425781,8.516197204589844,gae,Walker2d-v5,2
81920,-0.06449089170165054,4083,-0.030324172228574753,6.233465194702148,8.515883445739746,gae,Walker2d-v5,2
98304,-0.7856315285469314,4894,-0.05810323357582092,5.980978012084961,8.515755653381348,gae,Walker2d-v5,2
114688,0.4771771376074297,5672,-0.03848546743392944,6.0476508140563965,8.515412330627441,gae,Walker2d-v5,2
131072,0.582426630720032,6434,-0.016805127263069153,5.999799728393555,8.515061378479004,gae,Walker2d-v5,2
147456,0.9964425646336895,7190,-0.03338459134101868,6.071193218231201,8.514861106872559,gae,Walker2d-v5,2
163840,0.46582798821740234,7937,-0.04203728958964348,6.118370532989502,8.514618873596191,gae,Walker2d-v5,2
180224,1.1676225965402431,8688,-0.02870793640613556,5.620229244232178,8.514357566833496,gae,Walker2d-v5,2
196608,1.1308951291854132,9414,-0.046310000121593475,5.9720282554626465,8.514107704162598,gae,Walker2d-v5,2
212992,1.2576557248451874,10110,-0.0611276775598526,6.603034019470215,8.513802528381348,gae,Walker2d-v5,2
229376,2.092161093678687,10819,-0.036753833293914795,6.7840495109558105,8.513359069824219,gae,Walker2d-v5,2
245760,2.2741162817397758,11499,-0.018332913517951965,6.450658321380615,8.512916564941406,gae,Walker2d-v5,2
262144,2.9430891503475247,12180,-0.058189474046230316,7.183010578155518,8.512587547302246,gae,Walker2d-v5,2
278528,2.4098233786686065,12846,-0.04681522399187088,7.600419998168945,8.512214660644531,gae,Walker2d-v5,2
294912,2.9362062056889595,13498,-0.03717483580112457,7.123034477233887,8.511801719665527,gae,Walker2d-v5,2
311296,3.7022508906373766,14126,-0.05348621681332588,8.10234546661377,8.51138973236084,gae,Walker2d-v5,2
327680,4.174314932299312,14743,-0.021136954426765442,8.339752197265625,8.510931968688965,gae,Walker2d-v5,2
344064,4.151103811467013,15363,-0.04378867149353027,7.77166748046875,8.510581970214844,gae,Walker2d-v5,2
360448,6.821127614516406,15977,-0.05542508512735367,9.028729438781738,8.51021671295166,gae,Walker2d-v5,2
376832,5.685693016431708,16561,-0.04590616002678871,10.17310619354248,8.509781837463379,gae,Walker2d-v5,2
393216,5.53815844848251,17121,-0.05484217405319214,10.784067153930664,8.509324073791504,gae,Walker2d-v5,2
409600,5.1915347249877035,17682,-0.06002258136868477,9.808452606201172,8.508788108825684,gae,Walker2d-v5,2
425984,7.225885398238269,18238,-0.0673365443944931,10.844825744628906,8.5081787109375,gae,Walker2d-v5,2
442368,8.886032822052679,18756,-0.07335600256919861,12.399514198303223,8.507447242736816,gae,Walker2d-v5,2
458752,7.613026795970893,19289,-0.05909934639930725,11.10733699798584,8.506562232971191,gae,Walker2d-v5,2
475136,8.086531688177516,19796,-0.05880710482597351,12.467392921447754,8.505614280700684,gae,Walker2d-v5,2
491520,6.048094473033904,20290,-0.06242933124303818,11.780354499816895,8.50460147857666,gae,Walker2d-v5,2
507904,8.58919793850015,20789,-0.07006922364234924,11.809725761413574,8.503539085388184,gae,Walker2d-v5,2
524288,11.218458404735285,21261,-0.061773575842380524,14.572820663452148,8.502394676208496,gae,Walker2d-v5,2
540672,8.615264129290674,21725,-0.053036510944366455,13.89637565612793,8.501191139221191,gae,Walker2d-v5,2
557056,12.844917407616121,22173,-0.05147980898618698,14.348220825195312,8.500031471252441,gae,Walker2d-v5,2
573440,11.458218813144851,22595,-0.028558939695358276,18.337139129638672,8.49886417388916,gae,Walker2d-v5,2
589824,12.296554475533819,23013,-0.07525934278964996,16.22547721862793,8.497803688049316,gae,Walker2d-v5,2
606208,13.992231325505548,23416,-0.0341453030705452,17.405115127563477,8.496644020080566,gae,Walker2d-v5,2
622592,11.53678262526943,23825,-0.06495688855648041,18.105947494506836,8.495575904846191,gae,Walker2d-v5,2
638976,15.100718455743701,24202,-0.07246130704879761,20.158218383789062,8.494431495666504,gae,Walker2d-v5,2
655360,16.789994179258617,24583,-0.05938929319381714,17.99539566040039,8.493224143981934,gae,Walker2d-v5,2
671744,19.017409981357083,24945,-0.03649091720581055,21.29804039001465,8.491972923278809,gae,Walker2d-v5,2
688128,17.86864654008929,25304,-0.034415166825056076,20.45821762084961,8.49082088470459,gae,Walker2d-v5,2
704512,17.809933013638172,25654,-0.0557444766163826,28.409963607788086,8.489785194396973,gae,Walker2d-v5,2
720896,18.9446282327943,25987,-0.06859458982944489,23.59760284423828,8.488717079162598,gae,Walker2d-v5,2
737280,23.19228480530203,26308,-0.0470668226480484,24.50468635559082,8.487570762634277,gae,Walker2d-v5,2
753664,23.075000523423082,26624,-0.04161742329597473,30.01950454711914,8.486458778381348,gae,Walker2d-v5,2
770048,23.987657829226542,26920,-0.026776500046253204,29.056596755981445,8.48538875579834,gae,Walker2d-v5,2
786432,23.687682814266953,27217,-0.038494937121868134,29.150177001953125,8.484452247619629,gae,Walker2d-v5,2
802816,29.899081918323677,27497,-0.05296148359775543,38.10065460205078,8.483566284179688,gae,Walker2d-v5,2
819200,30.217879988874383,27780,-0.052584096789360046,41.716678619384766,8.482666969299316,gae,Walker2d-v5,2
835584,31.058707652373766,28044,-0.03654181957244873,39.77592849731445,8.48175048828125,gae,Walker2d-v5,2
851968,31.27032550053916,28312,-0.04642730951309204,33.16041564941406,8.480887413024902,gae,Walker2d-v5,2
868352,32.81500778236409,28566,-0.005365103483200073,41.461463928222656,8.480026245117188,gae,Walker2d-v5,2
884736,27.49111692918017,28824,-0.03988116234540939,41.02044677734375,8.479399681091309,gae,Walker2d-v5,2
901120,39.88507314054495,29062,-0.050621986389160156,54.22866439819336,8.478767395019531,gae,Walker2d-v5,2
917504,36.305556950419685,29297,-0.05980859696865082,45.37211990356445,8.478087425231934,gae,Walker2d-v5,2
933888,45.35550885431069,29518,-0.03397127985954285,57.838623046875,8.47733211517334,gae,Walker2d-v5,2
950272,40.248034001031044,29736,-0.026440054178237915,55.96379852294922,8.476638793945312,gae,Walker2d-v5,2
966656,36.68876242744298,29958,-0.03444838523864746,44.421932220458984,8.476051330566406,gae,Walker2d-v5,2
983040,45.81764795544901,30163,-0.06009237468242645,55.08462142944336,8.475494384765625,gae,Walker2d-v5,2
999424,43.391059748610466,30359,-0.019414842128753662,57.917999267578125,8.474823951721191,gae,Walker2d-v5,2
